PRAGMA foreign_keys = ON;
INSERT INTO business_settings (id, name, slug, description, timezone, special_message, seo_title, seo_description) VALUES (1, 'Pipo Lanches & Porções', 'pipo-lanches-e-porcoes', 'Consulte nosso cardápio digital.', 'America/Sao_Paulo', 'Fechado às segundas-feiras.', 'Pipo Lanches & Porções | Cardápio digital', 'Consulte o cardápio digital da Pipo Lanches & Porções.') ON CONFLICT(id) DO NOTHING;
UPDATE business_settings SET cover_image_key=NULL WHERE id=1;
INSERT INTO business_hours (id, weekday, opens_at, closes_at, is_closed, sort_order) VALUES ('seed-monday-closed', 1, NULL, NULL, 1, 0) ON CONFLICT(id) DO UPDATE SET weekday=excluded.weekday, opens_at=NULL, closes_at=NULL, is_closed=1, sort_order=0;
DELETE FROM products;
DELETE FROM categories;
INSERT INTO categories (id, name, slug, description, is_active, sort_order) VALUES ('seed-category-01', 'Ofertas exclusivas — Refrigerante 1,5 L', 'ofertas-exclusivas-refrigerante-1-5-l', NULL, 1, 0) ON CONFLICT(id) DO UPDATE SET name=excluded.name, slug=excluded.slug, description=excluded.description, is_active=1, sort_order=excluded.sort_order, updated_at=strftime('%Y-%m-%dT%H:%M:%fZ', 'now');
INSERT INTO products (id, category_id, name, ingredients, image_key, is_available, is_featured, sort_order) VALUES ('seed-product-001', 'seed-category-01', 'Combo PP + Refri 1,5 L', '2 hambúrgueres clássicos no pão brioche, com hambúrguer de 120 g, cheddar, alface, tomate e maionese verde. Acompanha 300 g de batata frita, 2 molhos especiais e refrigerante de 1,5 L.', NULL, 1, 0, 0) ON CONFLICT(id) DO UPDATE SET category_id=excluded.category_id, name=excluded.name, ingredients=excluded.ingredients, image_key=NULL, is_available=excluded.is_available, is_featured=excluded.is_featured, sort_order=excluded.sort_order, updated_at=strftime('%Y-%m-%dT%H:%M:%fZ', 'now');
INSERT INTO product_variants (id, product_id, label, price_cents, promotional_price_cents, is_active, sort_order) VALUES ('seed-variant-001', 'seed-product-001', NULL, 6490, NULL, 1, 0) ON CONFLICT(id) DO UPDATE SET product_id=excluded.product_id, label=excluded.label, price_cents=excluded.price_cents, promotional_price_cents=excluded.promotional_price_cents, is_active=1, sort_order=excluded.sort_order;
INSERT INTO products (id, category_id, name, ingredients, image_key, is_available, is_featured, sort_order) VALUES ('seed-product-002', 'seed-category-01', 'Combo Cheddar Lovers + Refri 1,5 L', '2 hambúrgueres clássicos no pão brioche, com hambúrguer de 120 g, cheddar e maionese verde, mergulhados em uma piscina de cheddar. Acompanha 360 g de batata frita e refrigerante de 1,5 L.', NULL, 1, 0, 1) ON CONFLICT(id) DO UPDATE SET category_id=excluded.category_id, name=excluded.name, ingredients=excluded.ingredients, image_key=NULL, is_available=excluded.is_available, is_featured=excluded.is_featured, sort_order=excluded.sort_order, updated_at=strftime('%Y-%m-%dT%H:%M:%fZ', 'now');
INSERT INTO product_variants (id, product_id, label, price_cents, promotional_price_cents, is_active, sort_order) VALUES ('seed-variant-002', 'seed-product-002', NULL, 8990, NULL, 1, 0) ON CONFLICT(id) DO UPDATE SET product_id=excluded.product_id, label=excluded.label, price_cents=excluded.price_cents, promotional_price_cents=excluded.promotional_price_cents, is_active=1, sort_order=excluded.sort_order;
INSERT INTO products (id, category_id, name, ingredients, image_key, is_available, is_featured, sort_order) VALUES ('seed-product-003', 'seed-category-01', 'Combo Delicious P com Hambúrguer + Refri 1,5 L', 'Contém 1 proteína, 2 hambúrgueres clássicos, 2 complementos, 2 molhos especiais e refrigerante de 1,5 L. Cada hambúrguer vem no pão brioche, com hambúrguer de 120 g, cheddar, alface, tomate e maionese verde.', NULL, 1, 0, 2) ON CONFLICT(id) DO UPDATE SET category_id=excluded.category_id, name=excluded.name, ingredients=excluded.ingredients, image_key=NULL, is_available=excluded.is_available, is_featured=excluded.is_featured, sort_order=excluded.sort_order, updated_at=strftime('%Y-%m-%dT%H:%M:%fZ', 'now');
INSERT INTO product_variants (id, product_id, label, price_cents, promotional_price_cents, is_active, sort_order) VALUES ('seed-variant-003', 'seed-product-003', NULL, 9990, NULL, 1, 0) ON CONFLICT(id) DO UPDATE SET product_id=excluded.product_id, label=excluded.label, price_cents=excluded.price_cents, promotional_price_cents=excluded.promotional_price_cents, is_active=1, sort_order=excluded.sort_order;
INSERT INTO products (id, category_id, name, ingredients, image_key, is_available, is_featured, sort_order) VALUES ('seed-product-004', 'seed-category-01', 'Combo Delicious M com Hambúrguer + Refri 1,5 L', 'Contém 1 proteína, 3 hambúrgueres clássicos, 2 complementos, 2 molhos especiais e refrigerante de 1,5 L. Cada hambúrguer vem no pão brioche, com hambúrguer de 120 g, cheddar, alface, tomate e maionese verde.', NULL, 1, 0, 3) ON CONFLICT(id) DO UPDATE SET category_id=excluded.category_id, name=excluded.name, ingredients=excluded.ingredients, image_key=NULL, is_available=excluded.is_available, is_featured=excluded.is_featured, sort_order=excluded.sort_order, updated_at=strftime('%Y-%m-%dT%H:%M:%fZ', 'now');
INSERT INTO product_variants (id, product_id, label, price_cents, promotional_price_cents, is_active, sort_order) VALUES ('seed-variant-004', 'seed-product-004', NULL, 12290, NULL, 1, 0) ON CONFLICT(id) DO UPDATE SET product_id=excluded.product_id, label=excluded.label, price_cents=excluded.price_cents, promotional_price_cents=excluded.promotional_price_cents, is_active=1, sort_order=excluded.sort_order;
INSERT INTO products (id, category_id, name, ingredients, image_key, is_available, is_featured, sort_order) VALUES ('seed-product-005', 'seed-category-01', 'Combo Delicious G com Hambúrguer + Refri 1,5 L', 'Contém 1 proteína, 4 hambúrgueres clássicos, 3 complementos, 3 molhos especiais e refrigerante de 1,5 L. Cada hambúrguer vem no pão brioche, com hambúrguer de 120 g, cheddar, alface, tomate e maionese verde.', NULL, 1, 0, 4) ON CONFLICT(id) DO UPDATE SET category_id=excluded.category_id, name=excluded.name, ingredients=excluded.ingredients, image_key=NULL, is_available=excluded.is_available, is_featured=excluded.is_featured, sort_order=excluded.sort_order, updated_at=strftime('%Y-%m-%dT%H:%M:%fZ', 'now');
INSERT INTO product_variants (id, product_id, label, price_cents, promotional_price_cents, is_active, sort_order) VALUES ('seed-variant-005', 'seed-product-005', NULL, 16990, NULL, 1, 0) ON CONFLICT(id) DO UPDATE SET product_id=excluded.product_id, label=excluded.label, price_cents=excluded.price_cents, promotional_price_cents=excluded.promotional_price_cents, is_active=1, sort_order=excluded.sort_order;
INSERT INTO categories (id, name, slug, description, is_active, sort_order) VALUES ('seed-category-02', 'Combo Delicious Hambúrguer', 'combo-delicious-hamburguer', 'Monte o combo escolhendo as proteínas e os acompanhamentos.', 1, 1) ON CONFLICT(id) DO UPDATE SET name=excluded.name, slug=excluded.slug, description=excluded.description, is_active=1, sort_order=excluded.sort_order, updated_at=strftime('%Y-%m-%dT%H:%M:%fZ', 'now');
INSERT INTO products (id, category_id, name, ingredients, image_key, is_available, is_featured, sort_order) VALUES ('seed-product-006', 'seed-category-02', 'Combo PP com Hambúrguer — Solteiro', '1 hambúrguer clássico no pão brioche, com hambúrguer de 120 g, cheddar, alface, tomate e maionese verde. Acompanha batata frita e 2 molhos especiais.', NULL, 1, 0, 0) ON CONFLICT(id) DO UPDATE SET category_id=excluded.category_id, name=excluded.name, ingredients=excluded.ingredients, image_key=NULL, is_available=excluded.is_available, is_featured=excluded.is_featured, sort_order=excluded.sort_order, updated_at=strftime('%Y-%m-%dT%H:%M:%fZ', 'now');
INSERT INTO product_variants (id, product_id, label, price_cents, promotional_price_cents, is_active, sort_order) VALUES ('seed-variant-006', 'seed-product-006', NULL, 4290, NULL, 1, 0) ON CONFLICT(id) DO UPDATE SET product_id=excluded.product_id, label=excluded.label, price_cents=excluded.price_cents, promotional_price_cents=excluded.promotional_price_cents, is_active=1, sort_order=excluded.sort_order;
INSERT INTO products (id, category_id, name, ingredients, image_key, is_available, is_featured, sort_order) VALUES ('seed-product-007', 'seed-category-02', 'Combo PP com Hambúrguer — Solteiro com Frango Empanado', '1 hambúrguer clássico no pão brioche, com hambúrguer de 120 g, cheddar, alface, tomate e maionese verde. Acompanha batata frita, 150 g de frango empanado e 2 molhos especiais.', NULL, 1, 0, 1) ON CONFLICT(id) DO UPDATE SET category_id=excluded.category_id, name=excluded.name, ingredients=excluded.ingredients, image_key=NULL, is_available=excluded.is_available, is_featured=excluded.is_featured, sort_order=excluded.sort_order, updated_at=strftime('%Y-%m-%dT%H:%M:%fZ', 'now');
INSERT INTO product_variants (id, product_id, label, price_cents, promotional_price_cents, is_active, sort_order) VALUES ('seed-variant-007', 'seed-product-007', NULL, 5690, NULL, 1, 0) ON CONFLICT(id) DO UPDATE SET product_id=excluded.product_id, label=excluded.label, price_cents=excluded.price_cents, promotional_price_cents=excluded.promotional_price_cents, is_active=1, sort_order=excluded.sort_order;
INSERT INTO products (id, category_id, name, ingredients, image_key, is_available, is_featured, sort_order) VALUES ('seed-product-008', 'seed-category-02', 'Combo PP Solteiro com Cheddar', '1 hambúrguer clássico no pão brioche, com hambúrguer de 120 g, cheddar, alface, tomate e maionese verde. Acompanha batata frita com cheddar e bacon, 5 onion rings e 2 molhos especiais.', NULL, 1, 0, 2) ON CONFLICT(id) DO UPDATE SET category_id=excluded.category_id, name=excluded.name, ingredients=excluded.ingredients, image_key=NULL, is_available=excluded.is_available, is_featured=excluded.is_featured, sort_order=excluded.sort_order, updated_at=strftime('%Y-%m-%dT%H:%M:%fZ', 'now');
INSERT INTO product_variants (id, product_id, label, price_cents, promotional_price_cents, is_active, sort_order) VALUES ('seed-variant-008', 'seed-product-008', NULL, 4990, NULL, 1, 0) ON CONFLICT(id) DO UPDATE SET product_id=excluded.product_id, label=excluded.label, price_cents=excluded.price_cents, promotional_price_cents=excluded.promotional_price_cents, is_active=1, sort_order=excluded.sort_order;
INSERT INTO products (id, category_id, name, ingredients, image_key, is_available, is_featured, sort_order) VALUES ('seed-product-009', 'seed-category-02', 'Combo Cheddar Lovers', '2 hambúrgueres clássicos no pão brioche, com hambúrguer de 120 g, cheddar e maionese verde, mergulhados em uma piscina de cheddar. Acompanha 360 g de batata frita.', NULL, 1, 0, 3) ON CONFLICT(id) DO UPDATE SET category_id=excluded.category_id, name=excluded.name, ingredients=excluded.ingredients, image_key=NULL, is_available=excluded.is_available, is_featured=excluded.is_featured, sort_order=excluded.sort_order, updated_at=strftime('%Y-%m-%dT%H:%M:%fZ', 'now');
INSERT INTO product_variants (id, product_id, label, price_cents, promotional_price_cents, is_active, sort_order) VALUES ('seed-variant-009', 'seed-product-009', NULL, 8490, NULL, 1, 0) ON CONFLICT(id) DO UPDATE SET product_id=excluded.product_id, label=excluded.label, price_cents=excluded.price_cents, promotional_price_cents=excluded.promotional_price_cents, is_active=1, sort_order=excluded.sort_order;
INSERT INTO products (id, category_id, name, ingredients, image_key, is_available, is_featured, sort_order) VALUES ('seed-product-010', 'seed-category-02', 'Combo PP com Hambúrguer', '2 hambúrgueres clássicos no pão brioche, com hambúrguer de 120 g, cheddar, alface, tomate e maionese verde. Acompanha 400 g de batata frita e 2 molhos especiais.', NULL, 1, 0, 4) ON CONFLICT(id) DO UPDATE SET category_id=excluded.category_id, name=excluded.name, ingredients=excluded.ingredients, image_key=NULL, is_available=excluded.is_available, is_featured=excluded.is_featured, sort_order=excluded.sort_order, updated_at=strftime('%Y-%m-%dT%H:%M:%fZ', 'now');
INSERT INTO product_variants (id, product_id, label, price_cents, promotional_price_cents, is_active, sort_order) VALUES ('seed-variant-010', 'seed-product-010', NULL, 5890, NULL, 1, 0) ON CONFLICT(id) DO UPDATE SET product_id=excluded.product_id, label=excluded.label, price_cents=excluded.price_cents, promotional_price_cents=excluded.promotional_price_cents, is_active=1, sort_order=excluded.sort_order;
INSERT INTO products (id, category_id, name, ingredients, image_key, is_available, is_featured, sort_order) VALUES ('seed-product-011', 'seed-category-02', 'Combo Delicious P com Hambúrguer', 'Contém 1 proteína, 2 hambúrgueres clássicos, 2 complementos e 2 molhos especiais. Cada hambúrguer vem no pão brioche, com hambúrguer de 120 g, cheddar, alface, tomate e maionese verde.', NULL, 1, 0, 5) ON CONFLICT(id) DO UPDATE SET category_id=excluded.category_id, name=excluded.name, ingredients=excluded.ingredients, image_key=NULL, is_available=excluded.is_available, is_featured=excluded.is_featured, sort_order=excluded.sort_order, updated_at=strftime('%Y-%m-%dT%H:%M:%fZ', 'now');
INSERT INTO product_variants (id, product_id, label, price_cents, promotional_price_cents, is_active, sort_order) VALUES ('seed-variant-011', 'seed-product-011', NULL, 9390, NULL, 1, 0) ON CONFLICT(id) DO UPDATE SET product_id=excluded.product_id, label=excluded.label, price_cents=excluded.price_cents, promotional_price_cents=excluded.promotional_price_cents, is_active=1, sort_order=excluded.sort_order;
INSERT INTO products (id, category_id, name, ingredients, image_key, is_available, is_featured, sort_order) VALUES ('seed-product-012', 'seed-category-02', 'Combo Delicious M com Hambúrguer', 'Contém 1 proteína, 3 hambúrgueres clássicos, 2 complementos e 2 molhos especiais. Cada hambúrguer vem no pão brioche, com hambúrguer de 120 g, cheddar, alface, tomate e maionese verde.', NULL, 1, 0, 6) ON CONFLICT(id) DO UPDATE SET category_id=excluded.category_id, name=excluded.name, ingredients=excluded.ingredients, image_key=NULL, is_available=excluded.is_available, is_featured=excluded.is_featured, sort_order=excluded.sort_order, updated_at=strftime('%Y-%m-%dT%H:%M:%fZ', 'now');
INSERT INTO product_variants (id, product_id, label, price_cents, promotional_price_cents, is_active, sort_order) VALUES ('seed-variant-012', 'seed-product-012', NULL, 11790, NULL, 1, 0) ON CONFLICT(id) DO UPDATE SET product_id=excluded.product_id, label=excluded.label, price_cents=excluded.price_cents, promotional_price_cents=excluded.promotional_price_cents, is_active=1, sort_order=excluded.sort_order;
INSERT INTO products (id, category_id, name, ingredients, image_key, is_available, is_featured, sort_order) VALUES ('seed-product-013', 'seed-category-02', 'Combo Delicious G com Hambúrguer', 'Contém 1 proteína, 4 hambúrgueres clássicos, 3 complementos e 3 molhos especiais. Cada hambúrguer vem no pão brioche, com hambúrguer de 120 g, cheddar, alface, tomate e maionese verde.', NULL, 1, 0, 7) ON CONFLICT(id) DO UPDATE SET category_id=excluded.category_id, name=excluded.name, ingredients=excluded.ingredients, image_key=NULL, is_available=excluded.is_available, is_featured=excluded.is_featured, sort_order=excluded.sort_order, updated_at=strftime('%Y-%m-%dT%H:%M:%fZ', 'now');
INSERT INTO product_variants (id, product_id, label, price_cents, promotional_price_cents, is_active, sort_order) VALUES ('seed-variant-013', 'seed-product-013', NULL, 16990, NULL, 1, 0) ON CONFLICT(id) DO UPDATE SET product_id=excluded.product_id, label=excluded.label, price_cents=excluded.price_cents, promotional_price_cents=excluded.promotional_price_cents, is_active=1, sort_order=excluded.sort_order;
INSERT INTO categories (id, name, slug, description, is_active, sort_order) VALUES ('seed-category-03', 'Combo Delicious Mista', 'combo-delicious-mista', 'Monte o combo escolhendo as proteínas e os acompanhamentos.', 1, 2) ON CONFLICT(id) DO UPDATE SET name=excluded.name, slug=excluded.slug, description=excluded.description, is_active=1, sort_order=excluded.sort_order, updated_at=strftime('%Y-%m-%dT%H:%M:%fZ', 'now');
INSERT INTO products (id, category_id, name, ingredients, image_key, is_available, is_featured, sort_order) VALUES ('seed-product-014', 'seed-category-03', 'Combo Delicious PP', 'Contém 1 proteína de frango empanado, 200 g de batata frita, 10 onion rings e 2 molhos.', NULL, 1, 0, 0) ON CONFLICT(id) DO UPDATE SET category_id=excluded.category_id, name=excluded.name, ingredients=excluded.ingredients, image_key=NULL, is_available=excluded.is_available, is_featured=excluded.is_featured, sort_order=excluded.sort_order, updated_at=strftime('%Y-%m-%dT%H:%M:%fZ', 'now');
INSERT INTO product_variants (id, product_id, label, price_cents, promotional_price_cents, is_active, sort_order) VALUES ('seed-variant-014', 'seed-product-014', NULL, 5990, NULL, 1, 0) ON CONFLICT(id) DO UPDATE SET product_id=excluded.product_id, label=excluded.label, price_cents=excluded.price_cents, promotional_price_cents=excluded.promotional_price_cents, is_active=1, sort_order=excluded.sort_order;
INSERT INTO products (id, category_id, name, ingredients, image_key, is_available, is_featured, sort_order) VALUES ('seed-product-015', 'seed-category-03', 'Combo Delicious P', 'Monte escolhendo 2 proteínas de 250 g cada, 2 acompanhamentos e 2 molhos.', NULL, 1, 0, 1) ON CONFLICT(id) DO UPDATE SET category_id=excluded.category_id, name=excluded.name, ingredients=excluded.ingredients, image_key=NULL, is_available=excluded.is_available, is_featured=excluded.is_featured, sort_order=excluded.sort_order, updated_at=strftime('%Y-%m-%dT%H:%M:%fZ', 'now');
INSERT INTO product_variants (id, product_id, label, price_cents, promotional_price_cents, is_active, sort_order) VALUES ('seed-variant-015', 'seed-product-015', NULL, 11290, NULL, 1, 0) ON CONFLICT(id) DO UPDATE SET product_id=excluded.product_id, label=excluded.label, price_cents=excluded.price_cents, promotional_price_cents=excluded.promotional_price_cents, is_active=1, sort_order=excluded.sort_order;
INSERT INTO products (id, category_id, name, ingredients, image_key, is_available, is_featured, sort_order) VALUES ('seed-product-016', 'seed-category-03', 'Combo Delicious M', 'Monte escolhendo 2 proteínas de 350 g cada, 3 acompanhamentos e molho.', NULL, 1, 0, 2) ON CONFLICT(id) DO UPDATE SET category_id=excluded.category_id, name=excluded.name, ingredients=excluded.ingredients, image_key=NULL, is_available=excluded.is_available, is_featured=excluded.is_featured, sort_order=excluded.sort_order, updated_at=strftime('%Y-%m-%dT%H:%M:%fZ', 'now');
INSERT INTO product_variants (id, product_id, label, price_cents, promotional_price_cents, is_active, sort_order) VALUES ('seed-variant-016', 'seed-product-016', NULL, 12190, NULL, 1, 0) ON CONFLICT(id) DO UPDATE SET product_id=excluded.product_id, label=excluded.label, price_cents=excluded.price_cents, promotional_price_cents=excluded.promotional_price_cents, is_active=1, sort_order=excluded.sort_order;
INSERT INTO products (id, category_id, name, ingredients, image_key, is_available, is_featured, sort_order) VALUES ('seed-product-017', 'seed-category-03', 'Combo Delicious G', 'Monte escolhendo 3 proteínas de 450 g cada, 3 acompanhamentos e molho.', NULL, 1, 0, 3) ON CONFLICT(id) DO UPDATE SET category_id=excluded.category_id, name=excluded.name, ingredients=excluded.ingredients, image_key=NULL, is_available=excluded.is_available, is_featured=excluded.is_featured, sort_order=excluded.sort_order, updated_at=strftime('%Y-%m-%dT%H:%M:%fZ', 'now');
INSERT INTO product_variants (id, product_id, label, price_cents, promotional_price_cents, is_active, sort_order) VALUES ('seed-variant-017', 'seed-product-017', NULL, 17000, NULL, 1, 0) ON CONFLICT(id) DO UPDATE SET product_id=excluded.product_id, label=excluded.label, price_cents=excluded.price_cents, promotional_price_cents=excluded.promotional_price_cents, is_active=1, sort_order=excluded.sort_order;
INSERT INTO categories (id, name, slug, description, is_active, sort_order) VALUES ('seed-category-04', 'Complementos', 'complementos', NULL, 1, 3) ON CONFLICT(id) DO UPDATE SET name=excluded.name, slug=excluded.slug, description=excluded.description, is_active=1, sort_order=excluded.sort_order, updated_at=strftime('%Y-%m-%dT%H:%M:%fZ', 'now');
INSERT INTO products (id, category_id, name, ingredients, image_key, is_available, is_featured, sort_order) VALUES ('seed-product-018', 'seed-category-04', 'Batata frita 400 g', 'Porção de 400 g de batatas fritas crocantes.', NULL, 1, 0, 0) ON CONFLICT(id) DO UPDATE SET category_id=excluded.category_id, name=excluded.name, ingredients=excluded.ingredients, image_key=NULL, is_available=excluded.is_available, is_featured=excluded.is_featured, sort_order=excluded.sort_order, updated_at=strftime('%Y-%m-%dT%H:%M:%fZ', 'now');
INSERT INTO product_variants (id, product_id, label, price_cents, promotional_price_cents, is_active, sort_order) VALUES ('seed-variant-018', 'seed-product-018', 'Pequeno', 2190, NULL, 1, 0) ON CONFLICT(id) DO UPDATE SET product_id=excluded.product_id, label=excluded.label, price_cents=excluded.price_cents, promotional_price_cents=excluded.promotional_price_cents, is_active=1, sort_order=excluded.sort_order;
INSERT INTO products (id, category_id, name, ingredients, image_key, is_available, is_featured, sort_order) VALUES ('seed-product-019', 'seed-category-04', 'Onion Rings — 10 unidades', '10 anéis de cebola empanados e fritos.', NULL, 1, 0, 1) ON CONFLICT(id) DO UPDATE SET category_id=excluded.category_id, name=excluded.name, ingredients=excluded.ingredients, image_key=NULL, is_available=excluded.is_available, is_featured=excluded.is_featured, sort_order=excluded.sort_order, updated_at=strftime('%Y-%m-%dT%H:%M:%fZ', 'now');
INSERT INTO product_variants (id, product_id, label, price_cents, promotional_price_cents, is_active, sort_order) VALUES ('seed-variant-019', 'seed-product-019', 'Pequeno', 1490, NULL, 1, 0) ON CONFLICT(id) DO UPDATE SET product_id=excluded.product_id, label=excluded.label, price_cents=excluded.price_cents, promotional_price_cents=excluded.promotional_price_cents, is_active=1, sort_order=excluded.sort_order;
INSERT INTO products (id, category_id, name, ingredients, image_key, is_available, is_featured, sort_order) VALUES ('seed-product-020', 'seed-category-04', 'Polenta frita 400 g', 'Porção de 400 g de polenta frita crocante.', NULL, 1, 0, 2) ON CONFLICT(id) DO UPDATE SET category_id=excluded.category_id, name=excluded.name, ingredients=excluded.ingredients, image_key=NULL, is_available=excluded.is_available, is_featured=excluded.is_featured, sort_order=excluded.sort_order, updated_at=strftime('%Y-%m-%dT%H:%M:%fZ', 'now');
INSERT INTO product_variants (id, product_id, label, price_cents, promotional_price_cents, is_active, sort_order) VALUES ('seed-variant-020', 'seed-product-020', NULL, 1890, NULL, 1, 0) ON CONFLICT(id) DO UPDATE SET product_id=excluded.product_id, label=excluded.label, price_cents=excluded.price_cents, promotional_price_cents=excluded.promotional_price_cents, is_active=1, sort_order=excluded.sort_order;
INSERT INTO products (id, category_id, name, ingredients, image_key, is_available, is_featured, sort_order) VALUES ('seed-product-021', 'seed-category-04', 'Mandioca frita 400 g', 'Porção de 400 g de mandioca frita crocante.', NULL, 1, 0, 3) ON CONFLICT(id) DO UPDATE SET category_id=excluded.category_id, name=excluded.name, ingredients=excluded.ingredients, image_key=NULL, is_available=excluded.is_available, is_featured=excluded.is_featured, sort_order=excluded.sort_order, updated_at=strftime('%Y-%m-%dT%H:%M:%fZ', 'now');
INSERT INTO product_variants (id, product_id, label, price_cents, promotional_price_cents, is_active, sort_order) VALUES ('seed-variant-021', 'seed-product-021', NULL, 1990, NULL, 1, 0) ON CONFLICT(id) DO UPDATE SET product_id=excluded.product_id, label=excluded.label, price_cents=excluded.price_cents, promotional_price_cents=excluded.promotional_price_cents, is_active=1, sort_order=excluded.sort_order;
INSERT INTO products (id, category_id, name, ingredients, image_key, is_available, is_featured, sort_order) VALUES ('seed-product-022', 'seed-category-04', 'Batata com cheddar e bacon 500 g', '500 g de batatas fritas crocantes com cheddar e bacon.', NULL, 1, 0, 4) ON CONFLICT(id) DO UPDATE SET category_id=excluded.category_id, name=excluded.name, ingredients=excluded.ingredients, image_key=NULL, is_available=excluded.is_available, is_featured=excluded.is_featured, sort_order=excluded.sort_order, updated_at=strftime('%Y-%m-%dT%H:%M:%fZ', 'now');
INSERT INTO product_variants (id, product_id, label, price_cents, promotional_price_cents, is_active, sort_order) VALUES ('seed-variant-022', 'seed-product-022', NULL, 4190, NULL, 1, 0) ON CONFLICT(id) DO UPDATE SET product_id=excluded.product_id, label=excluded.label, price_cents=excluded.price_cents, promotional_price_cents=excluded.promotional_price_cents, is_active=1, sort_order=excluded.sort_order;
INSERT INTO products (id, category_id, name, ingredients, image_key, is_available, is_featured, sort_order) VALUES ('seed-product-023', 'seed-category-04', 'Maionese caseira verde 60 ml', 'Porção de 60 ml de maionese caseira verde.', NULL, 1, 0, 5) ON CONFLICT(id) DO UPDATE SET category_id=excluded.category_id, name=excluded.name, ingredients=excluded.ingredients, image_key=NULL, is_available=excluded.is_available, is_featured=excluded.is_featured, sort_order=excluded.sort_order, updated_at=strftime('%Y-%m-%dT%H:%M:%fZ', 'now');
INSERT INTO product_variants (id, product_id, label, price_cents, promotional_price_cents, is_active, sort_order) VALUES ('seed-variant-023', 'seed-product-023', NULL, 350, NULL, 1, 0) ON CONFLICT(id) DO UPDATE SET product_id=excluded.product_id, label=excluded.label, price_cents=excluded.price_cents, promotional_price_cents=excluded.promotional_price_cents, is_active=1, sort_order=excluded.sort_order;
