PRAGMA foreign_keys = ON;
INSERT INTO business_settings (id, name, slug, description, timezone, special_message, seo_title, seo_description) VALUES (1, 'Pipo Lanches & Porções', 'pipo-lanches-e-porcoes', 'Consulte nosso cardápio digital.', 'America/Sao_Paulo', 'Fechado às segundas-feiras.', 'Pipo Lanches & Porções | Cardápio digital', 'Consulte o cardápio digital da Pipo Lanches & Porções.') ON CONFLICT(id) DO NOTHING;
INSERT INTO business_hours (id, weekday, opens_at, closes_at, is_closed, sort_order) VALUES ('seed-monday-closed', 1, NULL, NULL, 1, 0) ON CONFLICT(id) DO UPDATE SET weekday=excluded.weekday, opens_at=NULL, closes_at=NULL, is_closed=1, sort_order=0;
INSERT INTO categories (id, name, slug, is_active, sort_order) VALUES ('seed-category-01', 'Dogs Prensados', 'dogs-prensados', 1, 0) ON CONFLICT(id) DO UPDATE SET name=excluded.name, slug=excluded.slug, is_active=1, sort_order=excluded.sort_order, updated_at=strftime('%Y-%m-%dT%H:%M:%fZ', 'now');
INSERT INTO products (id, category_id, name, ingredients, image_key, is_available, is_featured, sort_order) VALUES ('seed-product-001', 'seed-category-01', 'DOG PRENSADO DUPLO', 'Pão, 2 salsichas, milho, ervilha e batata palha.', NULL, 1, 0, 0) ON CONFLICT(id) DO UPDATE SET category_id=excluded.category_id, name=excluded.name, ingredients=excluded.ingredients, image_key=NULL, is_available=excluded.is_available, is_featured=excluded.is_featured, sort_order=excluded.sort_order, updated_at=strftime('%Y-%m-%dT%H:%M:%fZ', 'now');
INSERT INTO product_variants (id, product_id, label, price_cents, promotional_price_cents, is_active, sort_order) VALUES ('seed-variant-001', 'seed-product-001', NULL, 1800, NULL, 1, 0) ON CONFLICT(id) DO UPDATE SET product_id=excluded.product_id, label=excluded.label, price_cents=excluded.price_cents, promotional_price_cents=excluded.promotional_price_cents, is_active=1, sort_order=excluded.sort_order;
INSERT INTO products (id, category_id, name, ingredients, image_key, is_available, is_featured, sort_order) VALUES ('seed-product-002', 'seed-category-01', 'DOG ALCATRA', 'Pão, salsicha, alcatra, milho, ervilha e batata palha.', NULL, 1, 0, 1) ON CONFLICT(id) DO UPDATE SET category_id=excluded.category_id, name=excluded.name, ingredients=excluded.ingredients, image_key=NULL, is_available=excluded.is_available, is_featured=excluded.is_featured, sort_order=excluded.sort_order, updated_at=strftime('%Y-%m-%dT%H:%M:%fZ', 'now');
INSERT INTO product_variants (id, product_id, label, price_cents, promotional_price_cents, is_active, sort_order) VALUES ('seed-variant-002', 'seed-product-002', NULL, 3800, NULL, 1, 0) ON CONFLICT(id) DO UPDATE SET product_id=excluded.product_id, label=excluded.label, price_cents=excluded.price_cents, promotional_price_cents=excluded.promotional_price_cents, is_active=1, sort_order=excluded.sort_order;
INSERT INTO products (id, category_id, name, ingredients, image_key, is_available, is_featured, sort_order) VALUES ('seed-product-003', 'seed-category-01', 'DOG PIZZA', 'Pão, salsicha, queijo mussarela, tomate, orégano e batata palha.', NULL, 1, 0, 2) ON CONFLICT(id) DO UPDATE SET category_id=excluded.category_id, name=excluded.name, ingredients=excluded.ingredients, image_key=NULL, is_available=excluded.is_available, is_featured=excluded.is_featured, sort_order=excluded.sort_order, updated_at=strftime('%Y-%m-%dT%H:%M:%fZ', 'now');
INSERT INTO product_variants (id, product_id, label, price_cents, promotional_price_cents, is_active, sort_order) VALUES ('seed-variant-003', 'seed-product-003', NULL, 2700, NULL, 1, 0) ON CONFLICT(id) DO UPDATE SET product_id=excluded.product_id, label=excluded.label, price_cents=excluded.price_cents, promotional_price_cents=excluded.promotional_price_cents, is_active=1, sort_order=excluded.sort_order;
INSERT INTO products (id, category_id, name, ingredients, image_key, is_available, is_featured, sort_order) VALUES ('seed-product-004', 'seed-category-01', 'DOG CATUPIRY', 'Pão, salsicha, catupiry, milho, ervilha e batata palha.', NULL, 1, 0, 3) ON CONFLICT(id) DO UPDATE SET category_id=excluded.category_id, name=excluded.name, ingredients=excluded.ingredients, image_key=NULL, is_available=excluded.is_available, is_featured=excluded.is_featured, sort_order=excluded.sort_order, updated_at=strftime('%Y-%m-%dT%H:%M:%fZ', 'now');
INSERT INTO product_variants (id, product_id, label, price_cents, promotional_price_cents, is_active, sort_order) VALUES ('seed-variant-004', 'seed-product-004', NULL, 2700, NULL, 1, 0) ON CONFLICT(id) DO UPDATE SET product_id=excluded.product_id, label=excluded.label, price_cents=excluded.price_cents, promotional_price_cents=excluded.promotional_price_cents, is_active=1, sort_order=excluded.sort_order;
INSERT INTO products (id, category_id, name, ingredients, image_key, is_available, is_featured, sort_order) VALUES ('seed-product-005', 'seed-category-01', 'DOG CHEDDAR', 'Pão, salsicha, cheddar, milho, ervilha e batata palha.', NULL, 1, 0, 4) ON CONFLICT(id) DO UPDATE SET category_id=excluded.category_id, name=excluded.name, ingredients=excluded.ingredients, image_key=NULL, is_available=excluded.is_available, is_featured=excluded.is_featured, sort_order=excluded.sort_order, updated_at=strftime('%Y-%m-%dT%H:%M:%fZ', 'now');
INSERT INTO product_variants (id, product_id, label, price_cents, promotional_price_cents, is_active, sort_order) VALUES ('seed-variant-005', 'seed-product-005', NULL, 2700, NULL, 1, 0) ON CONFLICT(id) DO UPDATE SET product_id=excluded.product_id, label=excluded.label, price_cents=excluded.price_cents, promotional_price_cents=excluded.promotional_price_cents, is_active=1, sort_order=excluded.sort_order;
INSERT INTO products (id, category_id, name, ingredients, image_key, is_available, is_featured, sort_order) VALUES ('seed-product-006', 'seed-category-01', 'DOG CALABRESA', 'Pão, salsicha, calabresa, milho, ervilha e batata palha.', NULL, 1, 0, 5) ON CONFLICT(id) DO UPDATE SET category_id=excluded.category_id, name=excluded.name, ingredients=excluded.ingredients, image_key=NULL, is_available=excluded.is_available, is_featured=excluded.is_featured, sort_order=excluded.sort_order, updated_at=strftime('%Y-%m-%dT%H:%M:%fZ', 'now');
INSERT INTO product_variants (id, product_id, label, price_cents, promotional_price_cents, is_active, sort_order) VALUES ('seed-variant-006', 'seed-product-006', NULL, 2700, NULL, 1, 0) ON CONFLICT(id) DO UPDATE SET product_id=excluded.product_id, label=excluded.label, price_cents=excluded.price_cents, promotional_price_cents=excluded.promotional_price_cents, is_active=1, sort_order=excluded.sort_order;
INSERT INTO products (id, category_id, name, ingredients, image_key, is_available, is_featured, sort_order) VALUES ('seed-product-007', 'seed-category-01', 'DOG BACON', 'Pão, salsicha, bacon, milho, ervilha e batata palha.', NULL, 1, 0, 6) ON CONFLICT(id) DO UPDATE SET category_id=excluded.category_id, name=excluded.name, ingredients=excluded.ingredients, image_key=NULL, is_available=excluded.is_available, is_featured=excluded.is_featured, sort_order=excluded.sort_order, updated_at=strftime('%Y-%m-%dT%H:%M:%fZ', 'now');
INSERT INTO product_variants (id, product_id, label, price_cents, promotional_price_cents, is_active, sort_order) VALUES ('seed-variant-007', 'seed-product-007', NULL, 2700, NULL, 1, 0) ON CONFLICT(id) DO UPDATE SET product_id=excluded.product_id, label=excluded.label, price_cents=excluded.price_cents, promotional_price_cents=excluded.promotional_price_cents, is_active=1, sort_order=excluded.sort_order;
INSERT INTO products (id, category_id, name, ingredients, image_key, is_available, is_featured, sort_order) VALUES ('seed-product-008', 'seed-category-01', 'DOG FRANGO', 'Pão, salsicha, frango, milho, ervilha e batata palha.', NULL, 1, 0, 7) ON CONFLICT(id) DO UPDATE SET category_id=excluded.category_id, name=excluded.name, ingredients=excluded.ingredients, image_key=NULL, is_available=excluded.is_available, is_featured=excluded.is_featured, sort_order=excluded.sort_order, updated_at=strftime('%Y-%m-%dT%H:%M:%fZ', 'now');
INSERT INTO product_variants (id, product_id, label, price_cents, promotional_price_cents, is_active, sort_order) VALUES ('seed-variant-008', 'seed-product-008', NULL, 2700, NULL, 1, 0) ON CONFLICT(id) DO UPDATE SET product_id=excluded.product_id, label=excluded.label, price_cents=excluded.price_cents, promotional_price_cents=excluded.promotional_price_cents, is_active=1, sort_order=excluded.sort_order;
INSERT INTO products (id, category_id, name, ingredients, image_key, is_available, is_featured, sort_order) VALUES ('seed-product-009', 'seed-category-01', 'DOG CORAÇÃO', 'Pão, salsicha, coração, milho, ervilha e batata palha.', NULL, 1, 0, 8) ON CONFLICT(id) DO UPDATE SET category_id=excluded.category_id, name=excluded.name, ingredients=excluded.ingredients, image_key=NULL, is_available=excluded.is_available, is_featured=excluded.is_featured, sort_order=excluded.sort_order, updated_at=strftime('%Y-%m-%dT%H:%M:%fZ', 'now');
INSERT INTO product_variants (id, product_id, label, price_cents, promotional_price_cents, is_active, sort_order) VALUES ('seed-variant-009', 'seed-product-009', NULL, 3000, NULL, 1, 0) ON CONFLICT(id) DO UPDATE SET product_id=excluded.product_id, label=excluded.label, price_cents=excluded.price_cents, promotional_price_cents=excluded.promotional_price_cents, is_active=1, sort_order=excluded.sort_order;
INSERT INTO products (id, category_id, name, ingredients, image_key, is_available, is_featured, sort_order) VALUES ('seed-product-010', 'seed-category-01', 'DOG EGG', 'Pão, salsicha, ovo, milho, ervilha e batata palha.', NULL, 1, 0, 9) ON CONFLICT(id) DO UPDATE SET category_id=excluded.category_id, name=excluded.name, ingredients=excluded.ingredients, image_key=NULL, is_available=excluded.is_available, is_featured=excluded.is_featured, sort_order=excluded.sort_order, updated_at=strftime('%Y-%m-%dT%H:%M:%fZ', 'now');
INSERT INTO product_variants (id, product_id, label, price_cents, promotional_price_cents, is_active, sort_order) VALUES ('seed-variant-010', 'seed-product-010', NULL, 3000, NULL, 1, 0) ON CONFLICT(id) DO UPDATE SET product_id=excluded.product_id, label=excluded.label, price_cents=excluded.price_cents, promotional_price_cents=excluded.promotional_price_cents, is_active=1, sort_order=excluded.sort_order;
INSERT INTO products (id, category_id, name, ingredients, image_key, is_available, is_featured, sort_order) VALUES ('seed-product-011', 'seed-category-01', 'DOG BACON EGG', 'Pão, salsicha, maionese e batata palha.', NULL, 1, 0, 10) ON CONFLICT(id) DO UPDATE SET category_id=excluded.category_id, name=excluded.name, ingredients=excluded.ingredients, image_key=NULL, is_available=excluded.is_available, is_featured=excluded.is_featured, sort_order=excluded.sort_order, updated_at=strftime('%Y-%m-%dT%H:%M:%fZ', 'now');
INSERT INTO product_variants (id, product_id, label, price_cents, promotional_price_cents, is_active, sort_order) VALUES ('seed-variant-011', 'seed-product-011', NULL, 3000, NULL, 1, 0) ON CONFLICT(id) DO UPDATE SET product_id=excluded.product_id, label=excluded.label, price_cents=excluded.price_cents, promotional_price_cents=excluded.promotional_price_cents, is_active=1, sort_order=excluded.sort_order;
INSERT INTO products (id, category_id, name, ingredients, image_key, is_available, is_featured, sort_order) VALUES ('seed-product-012', 'seed-category-01', 'DOG FRANGO EGG', NULL, NULL, 1, 0, 11) ON CONFLICT(id) DO UPDATE SET category_id=excluded.category_id, name=excluded.name, ingredients=excluded.ingredients, image_key=NULL, is_available=excluded.is_available, is_featured=excluded.is_featured, sort_order=excluded.sort_order, updated_at=strftime('%Y-%m-%dT%H:%M:%fZ', 'now');
INSERT INTO product_variants (id, product_id, label, price_cents, promotional_price_cents, is_active, sort_order) VALUES ('seed-variant-012', 'seed-product-012', NULL, 3000, NULL, 1, 0) ON CONFLICT(id) DO UPDATE SET product_id=excluded.product_id, label=excluded.label, price_cents=excluded.price_cents, promotional_price_cents=excluded.promotional_price_cents, is_active=1, sort_order=excluded.sort_order;
INSERT INTO products (id, category_id, name, ingredients, image_key, is_available, is_featured, sort_order) VALUES ('seed-product-013', 'seed-category-01', 'DOG FRANGO BACON', NULL, NULL, 1, 0, 12) ON CONFLICT(id) DO UPDATE SET category_id=excluded.category_id, name=excluded.name, ingredients=excluded.ingredients, image_key=NULL, is_available=excluded.is_available, is_featured=excluded.is_featured, sort_order=excluded.sort_order, updated_at=strftime('%Y-%m-%dT%H:%M:%fZ', 'now');
INSERT INTO product_variants (id, product_id, label, price_cents, promotional_price_cents, is_active, sort_order) VALUES ('seed-variant-013', 'seed-product-013', NULL, 3000, NULL, 1, 0) ON CONFLICT(id) DO UPDATE SET product_id=excluded.product_id, label=excluded.label, price_cents=excluded.price_cents, promotional_price_cents=excluded.promotional_price_cents, is_active=1, sort_order=excluded.sort_order;
INSERT INTO products (id, category_id, name, ingredients, image_key, is_available, is_featured, sort_order) VALUES ('seed-product-014', 'seed-category-01', 'DOG FRANGO CATUPIRY', NULL, NULL, 1, 0, 13) ON CONFLICT(id) DO UPDATE SET category_id=excluded.category_id, name=excluded.name, ingredients=excluded.ingredients, image_key=NULL, is_available=excluded.is_available, is_featured=excluded.is_featured, sort_order=excluded.sort_order, updated_at=strftime('%Y-%m-%dT%H:%M:%fZ', 'now');
INSERT INTO product_variants (id, product_id, label, price_cents, promotional_price_cents, is_active, sort_order) VALUES ('seed-variant-014', 'seed-product-014', NULL, 3000, NULL, 1, 0) ON CONFLICT(id) DO UPDATE SET product_id=excluded.product_id, label=excluded.label, price_cents=excluded.price_cents, promotional_price_cents=excluded.promotional_price_cents, is_active=1, sort_order=excluded.sort_order;
INSERT INTO products (id, category_id, name, ingredients, image_key, is_available, is_featured, sort_order) VALUES ('seed-product-015', 'seed-category-01', 'DOG FRANGO CHEDDAR', NULL, NULL, 1, 0, 14) ON CONFLICT(id) DO UPDATE SET category_id=excluded.category_id, name=excluded.name, ingredients=excluded.ingredients, image_key=NULL, is_available=excluded.is_available, is_featured=excluded.is_featured, sort_order=excluded.sort_order, updated_at=strftime('%Y-%m-%dT%H:%M:%fZ', 'now');
INSERT INTO product_variants (id, product_id, label, price_cents, promotional_price_cents, is_active, sort_order) VALUES ('seed-variant-015', 'seed-product-015', NULL, 3000, NULL, 1, 0) ON CONFLICT(id) DO UPDATE SET product_id=excluded.product_id, label=excluded.label, price_cents=excluded.price_cents, promotional_price_cents=excluded.promotional_price_cents, is_active=1, sort_order=excluded.sort_order;
INSERT INTO products (id, category_id, name, ingredients, image_key, is_available, is_featured, sort_order) VALUES ('seed-product-016', 'seed-category-01', 'DOG FRANGO CALABRESA', NULL, NULL, 1, 0, 15) ON CONFLICT(id) DO UPDATE SET category_id=excluded.category_id, name=excluded.name, ingredients=excluded.ingredients, image_key=NULL, is_available=excluded.is_available, is_featured=excluded.is_featured, sort_order=excluded.sort_order, updated_at=strftime('%Y-%m-%dT%H:%M:%fZ', 'now');
INSERT INTO product_variants (id, product_id, label, price_cents, promotional_price_cents, is_active, sort_order) VALUES ('seed-variant-016', 'seed-product-016', NULL, 3000, NULL, 1, 0) ON CONFLICT(id) DO UPDATE SET product_id=excluded.product_id, label=excluded.label, price_cents=excluded.price_cents, promotional_price_cents=excluded.promotional_price_cents, is_active=1, sort_order=excluded.sort_order;
INSERT INTO products (id, category_id, name, ingredients, image_key, is_available, is_featured, sort_order) VALUES ('seed-product-017', 'seed-category-01', 'DOG FRANGO CORAÇÃO', NULL, NULL, 1, 0, 16) ON CONFLICT(id) DO UPDATE SET category_id=excluded.category_id, name=excluded.name, ingredients=excluded.ingredients, image_key=NULL, is_available=excluded.is_available, is_featured=excluded.is_featured, sort_order=excluded.sort_order, updated_at=strftime('%Y-%m-%dT%H:%M:%fZ', 'now');
INSERT INTO product_variants (id, product_id, label, price_cents, promotional_price_cents, is_active, sort_order) VALUES ('seed-variant-017', 'seed-product-017', NULL, 3200, NULL, 1, 0) ON CONFLICT(id) DO UPDATE SET product_id=excluded.product_id, label=excluded.label, price_cents=excluded.price_cents, promotional_price_cents=excluded.promotional_price_cents, is_active=1, sort_order=excluded.sort_order;
INSERT INTO products (id, category_id, name, ingredients, image_key, is_available, is_featured, sort_order) VALUES ('seed-product-018', 'seed-category-01', 'DOG PIZZA BACON', NULL, NULL, 1, 0, 17) ON CONFLICT(id) DO UPDATE SET category_id=excluded.category_id, name=excluded.name, ingredients=excluded.ingredients, image_key=NULL, is_available=excluded.is_available, is_featured=excluded.is_featured, sort_order=excluded.sort_order, updated_at=strftime('%Y-%m-%dT%H:%M:%fZ', 'now');
INSERT INTO product_variants (id, product_id, label, price_cents, promotional_price_cents, is_active, sort_order) VALUES ('seed-variant-018', 'seed-product-018', NULL, 3000, NULL, 1, 0) ON CONFLICT(id) DO UPDATE SET product_id=excluded.product_id, label=excluded.label, price_cents=excluded.price_cents, promotional_price_cents=excluded.promotional_price_cents, is_active=1, sort_order=excluded.sort_order;
INSERT INTO products (id, category_id, name, ingredients, image_key, is_available, is_featured, sort_order) VALUES ('seed-product-019', 'seed-category-01', 'DOG PIZZA FRANGO', NULL, NULL, 1, 0, 18) ON CONFLICT(id) DO UPDATE SET category_id=excluded.category_id, name=excluded.name, ingredients=excluded.ingredients, image_key=NULL, is_available=excluded.is_available, is_featured=excluded.is_featured, sort_order=excluded.sort_order, updated_at=strftime('%Y-%m-%dT%H:%M:%fZ', 'now');
INSERT INTO product_variants (id, product_id, label, price_cents, promotional_price_cents, is_active, sort_order) VALUES ('seed-variant-019', 'seed-product-019', NULL, 3000, NULL, 1, 0) ON CONFLICT(id) DO UPDATE SET product_id=excluded.product_id, label=excluded.label, price_cents=excluded.price_cents, promotional_price_cents=excluded.promotional_price_cents, is_active=1, sort_order=excluded.sort_order;
INSERT INTO products (id, category_id, name, ingredients, image_key, is_available, is_featured, sort_order) VALUES ('seed-product-020', 'seed-category-01', 'DOG PIZZA CATUPIRY', NULL, NULL, 1, 0, 19) ON CONFLICT(id) DO UPDATE SET category_id=excluded.category_id, name=excluded.name, ingredients=excluded.ingredients, image_key=NULL, is_available=excluded.is_available, is_featured=excluded.is_featured, sort_order=excluded.sort_order, updated_at=strftime('%Y-%m-%dT%H:%M:%fZ', 'now');
INSERT INTO product_variants (id, product_id, label, price_cents, promotional_price_cents, is_active, sort_order) VALUES ('seed-variant-020', 'seed-product-020', NULL, 3000, NULL, 1, 0) ON CONFLICT(id) DO UPDATE SET product_id=excluded.product_id, label=excluded.label, price_cents=excluded.price_cents, promotional_price_cents=excluded.promotional_price_cents, is_active=1, sort_order=excluded.sort_order;
INSERT INTO products (id, category_id, name, ingredients, image_key, is_available, is_featured, sort_order) VALUES ('seed-product-021', 'seed-category-01', 'DOG PIZZA CORAÇÃO', NULL, NULL, 1, 0, 20) ON CONFLICT(id) DO UPDATE SET category_id=excluded.category_id, name=excluded.name, ingredients=excluded.ingredients, image_key=NULL, is_available=excluded.is_available, is_featured=excluded.is_featured, sort_order=excluded.sort_order, updated_at=strftime('%Y-%m-%dT%H:%M:%fZ', 'now');
INSERT INTO product_variants (id, product_id, label, price_cents, promotional_price_cents, is_active, sort_order) VALUES ('seed-variant-021', 'seed-product-021', NULL, 3000, NULL, 1, 0) ON CONFLICT(id) DO UPDATE SET product_id=excluded.product_id, label=excluded.label, price_cents=excluded.price_cents, promotional_price_cents=excluded.promotional_price_cents, is_active=1, sort_order=excluded.sort_order;
INSERT INTO products (id, category_id, name, ingredients, image_key, is_available, is_featured, sort_order) VALUES ('seed-product-022', 'seed-category-01', 'DOG PIZZA CALABRESA EGG', NULL, NULL, 1, 0, 21) ON CONFLICT(id) DO UPDATE SET category_id=excluded.category_id, name=excluded.name, ingredients=excluded.ingredients, image_key=NULL, is_available=excluded.is_available, is_featured=excluded.is_featured, sort_order=excluded.sort_order, updated_at=strftime('%Y-%m-%dT%H:%M:%fZ', 'now');
INSERT INTO product_variants (id, product_id, label, price_cents, promotional_price_cents, is_active, sort_order) VALUES ('seed-variant-022', 'seed-product-022', NULL, 3300, NULL, 1, 0) ON CONFLICT(id) DO UPDATE SET product_id=excluded.product_id, label=excluded.label, price_cents=excluded.price_cents, promotional_price_cents=excluded.promotional_price_cents, is_active=1, sort_order=excluded.sort_order;
INSERT INTO products (id, category_id, name, ingredients, image_key, is_available, is_featured, sort_order) VALUES ('seed-product-023', 'seed-category-01', 'DOG PIZZA CALABRESA CATUPIRY', NULL, NULL, 1, 0, 22) ON CONFLICT(id) DO UPDATE SET category_id=excluded.category_id, name=excluded.name, ingredients=excluded.ingredients, image_key=NULL, is_available=excluded.is_available, is_featured=excluded.is_featured, sort_order=excluded.sort_order, updated_at=strftime('%Y-%m-%dT%H:%M:%fZ', 'now');
INSERT INTO product_variants (id, product_id, label, price_cents, promotional_price_cents, is_active, sort_order) VALUES ('seed-variant-023', 'seed-product-023', NULL, 3300, NULL, 1, 0) ON CONFLICT(id) DO UPDATE SET product_id=excluded.product_id, label=excluded.label, price_cents=excluded.price_cents, promotional_price_cents=excluded.promotional_price_cents, is_active=1, sort_order=excluded.sort_order;
INSERT INTO products (id, category_id, name, ingredients, image_key, is_available, is_featured, sort_order) VALUES ('seed-product-024', 'seed-category-01', 'DOG PIZZA FRANGO BACON', NULL, NULL, 1, 0, 23) ON CONFLICT(id) DO UPDATE SET category_id=excluded.category_id, name=excluded.name, ingredients=excluded.ingredients, image_key=NULL, is_available=excluded.is_available, is_featured=excluded.is_featured, sort_order=excluded.sort_order, updated_at=strftime('%Y-%m-%dT%H:%M:%fZ', 'now');
INSERT INTO product_variants (id, product_id, label, price_cents, promotional_price_cents, is_active, sort_order) VALUES ('seed-variant-024', 'seed-product-024', NULL, 3300, NULL, 1, 0) ON CONFLICT(id) DO UPDATE SET product_id=excluded.product_id, label=excluded.label, price_cents=excluded.price_cents, promotional_price_cents=excluded.promotional_price_cents, is_active=1, sort_order=excluded.sort_order;
INSERT INTO products (id, category_id, name, ingredients, image_key, is_available, is_featured, sort_order) VALUES ('seed-product-025', 'seed-category-01', 'DOG PIZZA FRANGO CALABRESA', NULL, NULL, 1, 0, 24) ON CONFLICT(id) DO UPDATE SET category_id=excluded.category_id, name=excluded.name, ingredients=excluded.ingredients, image_key=NULL, is_available=excluded.is_available, is_featured=excluded.is_featured, sort_order=excluded.sort_order, updated_at=strftime('%Y-%m-%dT%H:%M:%fZ', 'now');
INSERT INTO product_variants (id, product_id, label, price_cents, promotional_price_cents, is_active, sort_order) VALUES ('seed-variant-025', 'seed-product-025', NULL, 3300, NULL, 1, 0) ON CONFLICT(id) DO UPDATE SET product_id=excluded.product_id, label=excluded.label, price_cents=excluded.price_cents, promotional_price_cents=excluded.promotional_price_cents, is_active=1, sort_order=excluded.sort_order;
INSERT INTO products (id, category_id, name, ingredients, image_key, is_available, is_featured, sort_order) VALUES ('seed-product-026', 'seed-category-01', 'DOG CORAÇÃO FRANGO BACON EGG', NULL, NULL, 1, 0, 25) ON CONFLICT(id) DO UPDATE SET category_id=excluded.category_id, name=excluded.name, ingredients=excluded.ingredients, image_key=NULL, is_available=excluded.is_available, is_featured=excluded.is_featured, sort_order=excluded.sort_order, updated_at=strftime('%Y-%m-%dT%H:%M:%fZ', 'now');
INSERT INTO product_variants (id, product_id, label, price_cents, promotional_price_cents, is_active, sort_order) VALUES ('seed-variant-026', 'seed-product-026', NULL, 3300, NULL, 1, 0) ON CONFLICT(id) DO UPDATE SET product_id=excluded.product_id, label=excluded.label, price_cents=excluded.price_cents, promotional_price_cents=excluded.promotional_price_cents, is_active=1, sort_order=excluded.sort_order;
INSERT INTO products (id, category_id, name, ingredients, image_key, is_available, is_featured, sort_order) VALUES ('seed-product-027', 'seed-category-01', 'DOG EGG FRANGO CATUPIRY', NULL, NULL, 1, 0, 26) ON CONFLICT(id) DO UPDATE SET category_id=excluded.category_id, name=excluded.name, ingredients=excluded.ingredients, image_key=NULL, is_available=excluded.is_available, is_featured=excluded.is_featured, sort_order=excluded.sort_order, updated_at=strftime('%Y-%m-%dT%H:%M:%fZ', 'now');
INSERT INTO product_variants (id, product_id, label, price_cents, promotional_price_cents, is_active, sort_order) VALUES ('seed-variant-027', 'seed-product-027', NULL, 3300, NULL, 1, 0) ON CONFLICT(id) DO UPDATE SET product_id=excluded.product_id, label=excluded.label, price_cents=excluded.price_cents, promotional_price_cents=excluded.promotional_price_cents, is_active=1, sort_order=excluded.sort_order;
INSERT INTO products (id, category_id, name, ingredients, image_key, is_available, is_featured, sort_order) VALUES ('seed-product-028', 'seed-category-01', 'DOG FRANGO CORAÇÃO BACON', NULL, NULL, 1, 0, 27) ON CONFLICT(id) DO UPDATE SET category_id=excluded.category_id, name=excluded.name, ingredients=excluded.ingredients, image_key=NULL, is_available=excluded.is_available, is_featured=excluded.is_featured, sort_order=excluded.sort_order, updated_at=strftime('%Y-%m-%dT%H:%M:%fZ', 'now');
INSERT INTO product_variants (id, product_id, label, price_cents, promotional_price_cents, is_active, sort_order) VALUES ('seed-variant-028', 'seed-product-028', NULL, 3500, NULL, 1, 0) ON CONFLICT(id) DO UPDATE SET product_id=excluded.product_id, label=excluded.label, price_cents=excluded.price_cents, promotional_price_cents=excluded.promotional_price_cents, is_active=1, sort_order=excluded.sort_order;
INSERT INTO products (id, category_id, name, ingredients, image_key, is_available, is_featured, sort_order) VALUES ('seed-product-029', 'seed-category-01', 'DOG BACON EGG CORAÇÃO', NULL, NULL, 1, 0, 28) ON CONFLICT(id) DO UPDATE SET category_id=excluded.category_id, name=excluded.name, ingredients=excluded.ingredients, image_key=NULL, is_available=excluded.is_available, is_featured=excluded.is_featured, sort_order=excluded.sort_order, updated_at=strftime('%Y-%m-%dT%H:%M:%fZ', 'now');
INSERT INTO product_variants (id, product_id, label, price_cents, promotional_price_cents, is_active, sort_order) VALUES ('seed-variant-029', 'seed-product-029', NULL, 3500, NULL, 1, 0) ON CONFLICT(id) DO UPDATE SET product_id=excluded.product_id, label=excluded.label, price_cents=excluded.price_cents, promotional_price_cents=excluded.promotional_price_cents, is_active=1, sort_order=excluded.sort_order;
INSERT INTO products (id, category_id, name, ingredients, image_key, is_available, is_featured, sort_order) VALUES ('seed-product-030', 'seed-category-01', 'DOG FRANGO CORAÇÃO CATUPIRY', NULL, NULL, 1, 0, 29) ON CONFLICT(id) DO UPDATE SET category_id=excluded.category_id, name=excluded.name, ingredients=excluded.ingredients, image_key=NULL, is_available=excluded.is_available, is_featured=excluded.is_featured, sort_order=excluded.sort_order, updated_at=strftime('%Y-%m-%dT%H:%M:%fZ', 'now');
INSERT INTO product_variants (id, product_id, label, price_cents, promotional_price_cents, is_active, sort_order) VALUES ('seed-variant-030', 'seed-product-030', NULL, 3500, NULL, 1, 0) ON CONFLICT(id) DO UPDATE SET product_id=excluded.product_id, label=excluded.label, price_cents=excluded.price_cents, promotional_price_cents=excluded.promotional_price_cents, is_active=1, sort_order=excluded.sort_order;
INSERT INTO products (id, category_id, name, ingredients, image_key, is_available, is_featured, sort_order) VALUES ('seed-product-031', 'seed-category-01', 'DOG FRANGO CORAÇÃO CALABRESA', NULL, NULL, 1, 0, 30) ON CONFLICT(id) DO UPDATE SET category_id=excluded.category_id, name=excluded.name, ingredients=excluded.ingredients, image_key=NULL, is_available=excluded.is_available, is_featured=excluded.is_featured, sort_order=excluded.sort_order, updated_at=strftime('%Y-%m-%dT%H:%M:%fZ', 'now');
INSERT INTO product_variants (id, product_id, label, price_cents, promotional_price_cents, is_active, sort_order) VALUES ('seed-variant-031', 'seed-product-031', NULL, 3500, NULL, 1, 0) ON CONFLICT(id) DO UPDATE SET product_id=excluded.product_id, label=excluded.label, price_cents=excluded.price_cents, promotional_price_cents=excluded.promotional_price_cents, is_active=1, sort_order=excluded.sort_order;
INSERT INTO products (id, category_id, name, ingredients, image_key, is_available, is_featured, sort_order) VALUES ('seed-product-032', 'seed-category-01', 'DOG PIZZA CORAÇÃO BACON EGG', NULL, NULL, 1, 0, 31) ON CONFLICT(id) DO UPDATE SET category_id=excluded.category_id, name=excluded.name, ingredients=excluded.ingredients, image_key=NULL, is_available=excluded.is_available, is_featured=excluded.is_featured, sort_order=excluded.sort_order, updated_at=strftime('%Y-%m-%dT%H:%M:%fZ', 'now');
INSERT INTO product_variants (id, product_id, label, price_cents, promotional_price_cents, is_active, sort_order) VALUES ('seed-variant-032', 'seed-product-032', NULL, 3800, NULL, 1, 0) ON CONFLICT(id) DO UPDATE SET product_id=excluded.product_id, label=excluded.label, price_cents=excluded.price_cents, promotional_price_cents=excluded.promotional_price_cents, is_active=1, sort_order=excluded.sort_order;
INSERT INTO products (id, category_id, name, ingredients, image_key, is_available, is_featured, sort_order) VALUES ('seed-product-033', 'seed-category-01', 'DOG PIZZA CALABRESA EGG CORAÇÃO', NULL, NULL, 1, 0, 32) ON CONFLICT(id) DO UPDATE SET category_id=excluded.category_id, name=excluded.name, ingredients=excluded.ingredients, image_key=NULL, is_available=excluded.is_available, is_featured=excluded.is_featured, sort_order=excluded.sort_order, updated_at=strftime('%Y-%m-%dT%H:%M:%fZ', 'now');
INSERT INTO product_variants (id, product_id, label, price_cents, promotional_price_cents, is_active, sort_order) VALUES ('seed-variant-033', 'seed-product-033', NULL, 3800, NULL, 1, 0) ON CONFLICT(id) DO UPDATE SET product_id=excluded.product_id, label=excluded.label, price_cents=excluded.price_cents, promotional_price_cents=excluded.promotional_price_cents, is_active=1, sort_order=excluded.sort_order;
INSERT INTO products (id, category_id, name, ingredients, image_key, is_available, is_featured, sort_order) VALUES ('seed-product-034', 'seed-category-01', 'DOG PIZZA CALABRESA CATUPIRY CORAÇÃO', NULL, NULL, 1, 0, 33) ON CONFLICT(id) DO UPDATE SET category_id=excluded.category_id, name=excluded.name, ingredients=excluded.ingredients, image_key=NULL, is_available=excluded.is_available, is_featured=excluded.is_featured, sort_order=excluded.sort_order, updated_at=strftime('%Y-%m-%dT%H:%M:%fZ', 'now');
INSERT INTO product_variants (id, product_id, label, price_cents, promotional_price_cents, is_active, sort_order) VALUES ('seed-variant-034', 'seed-product-034', NULL, 3800, NULL, 1, 0) ON CONFLICT(id) DO UPDATE SET product_id=excluded.product_id, label=excluded.label, price_cents=excluded.price_cents, promotional_price_cents=excluded.promotional_price_cents, is_active=1, sort_order=excluded.sort_order;
INSERT INTO products (id, category_id, name, ingredients, image_key, is_available, is_featured, sort_order) VALUES ('seed-product-035', 'seed-category-01', 'DOG PIPO', 'Pão, salsicha, frango, calabresa, coração, bacon, ovo, catupiry, cheddar, queijo mussarela, tomate, milho, ervilha e batata palha. Servido no prato.', NULL, 1, 1, 34) ON CONFLICT(id) DO UPDATE SET category_id=excluded.category_id, name=excluded.name, ingredients=excluded.ingredients, image_key=NULL, is_available=excluded.is_available, is_featured=excluded.is_featured, sort_order=excluded.sort_order, updated_at=strftime('%Y-%m-%dT%H:%M:%fZ', 'now');
INSERT INTO product_variants (id, product_id, label, price_cents, promotional_price_cents, is_active, sort_order) VALUES ('seed-variant-035', 'seed-product-035', NULL, 4700, NULL, 1, 0) ON CONFLICT(id) DO UPDATE SET product_id=excluded.product_id, label=excluded.label, price_cents=excluded.price_cents, promotional_price_cents=excluded.promotional_price_cents, is_active=1, sort_order=excluded.sort_order;
INSERT INTO categories (id, name, slug, is_active, sort_order) VALUES ('seed-category-02', 'Hot Dogs Tradicionais', 'hot-dogs-tradicionais', 1, 1) ON CONFLICT(id) DO UPDATE SET name=excluded.name, slug=excluded.slug, is_active=1, sort_order=excluded.sort_order, updated_at=strftime('%Y-%m-%dT%H:%M:%fZ', 'now');
INSERT INTO products (id, category_id, name, ingredients, image_key, is_available, is_featured, sort_order) VALUES ('seed-product-036', 'seed-category-02', 'HOT DOG TRADICIONAL', 'Salsicha, molho de tomate, milho, ervilha, vinagrete, farofa, batata palha, maionese e catchup.', NULL, 1, 0, 0) ON CONFLICT(id) DO UPDATE SET category_id=excluded.category_id, name=excluded.name, ingredients=excluded.ingredients, image_key=NULL, is_available=excluded.is_available, is_featured=excluded.is_featured, sort_order=excluded.sort_order, updated_at=strftime('%Y-%m-%dT%H:%M:%fZ', 'now');
INSERT INTO product_variants (id, product_id, label, price_cents, promotional_price_cents, is_active, sort_order) VALUES ('seed-variant-036', 'seed-product-036', NULL, 2000, NULL, 1, 0) ON CONFLICT(id) DO UPDATE SET product_id=excluded.product_id, label=excluded.label, price_cents=excluded.price_cents, promotional_price_cents=excluded.promotional_price_cents, is_active=1, sort_order=excluded.sort_order;
INSERT INTO products (id, category_id, name, ingredients, image_key, is_available, is_featured, sort_order) VALUES ('seed-product-037', 'seed-category-02', 'HOT DOG TRADICIONAL DUPLO', '2 salsichas, molho de tomate, mussarela, milho, ervilha, vinagrete, farofa, batata palha, maionese e catchup.', NULL, 1, 0, 1) ON CONFLICT(id) DO UPDATE SET category_id=excluded.category_id, name=excluded.name, ingredients=excluded.ingredients, image_key=NULL, is_available=excluded.is_available, is_featured=excluded.is_featured, sort_order=excluded.sort_order, updated_at=strftime('%Y-%m-%dT%H:%M:%fZ', 'now');
INSERT INTO product_variants (id, product_id, label, price_cents, promotional_price_cents, is_active, sort_order) VALUES ('seed-variant-037', 'seed-product-037', NULL, 2200, NULL, 1, 0) ON CONFLICT(id) DO UPDATE SET product_id=excluded.product_id, label=excluded.label, price_cents=excluded.price_cents, promotional_price_cents=excluded.promotional_price_cents, is_active=1, sort_order=excluded.sort_order;
INSERT INTO products (id, category_id, name, ingredients, image_key, is_available, is_featured, sort_order) VALUES ('seed-product-038', 'seed-category-02', 'HOT DOG TRADICIONAL BACON', 'Salsicha, bacon, molho de tomate, mussarela, milho, ervilha, vinagrete, farofa, batata palha, maionese e catchup.', NULL, 1, 0, 2) ON CONFLICT(id) DO UPDATE SET category_id=excluded.category_id, name=excluded.name, ingredients=excluded.ingredients, image_key=NULL, is_available=excluded.is_available, is_featured=excluded.is_featured, sort_order=excluded.sort_order, updated_at=strftime('%Y-%m-%dT%H:%M:%fZ', 'now');
INSERT INTO product_variants (id, product_id, label, price_cents, promotional_price_cents, is_active, sort_order) VALUES ('seed-variant-038', 'seed-product-038', NULL, 2700, NULL, 1, 0) ON CONFLICT(id) DO UPDATE SET product_id=excluded.product_id, label=excluded.label, price_cents=excluded.price_cents, promotional_price_cents=excluded.promotional_price_cents, is_active=1, sort_order=excluded.sort_order;
INSERT INTO products (id, category_id, name, ingredients, image_key, is_available, is_featured, sort_order) VALUES ('seed-product-039', 'seed-category-02', 'HOT DOG TRADICIONAL CATUPIRY', 'Salsicha, molho de tomate, catupiry, milho, ervilha, vinagrete, farofa, batata palha, maionese e catchup.', NULL, 1, 0, 3) ON CONFLICT(id) DO UPDATE SET category_id=excluded.category_id, name=excluded.name, ingredients=excluded.ingredients, image_key=NULL, is_available=excluded.is_available, is_featured=excluded.is_featured, sort_order=excluded.sort_order, updated_at=strftime('%Y-%m-%dT%H:%M:%fZ', 'now');
INSERT INTO product_variants (id, product_id, label, price_cents, promotional_price_cents, is_active, sort_order) VALUES ('seed-variant-039', 'seed-product-039', NULL, 2700, NULL, 1, 0) ON CONFLICT(id) DO UPDATE SET product_id=excluded.product_id, label=excluded.label, price_cents=excluded.price_cents, promotional_price_cents=excluded.promotional_price_cents, is_active=1, sort_order=excluded.sort_order;
INSERT INTO products (id, category_id, name, ingredients, image_key, is_available, is_featured, sort_order) VALUES ('seed-product-040', 'seed-category-02', 'HOT DOG TRADICIONAL CHEDDAR', 'Salsicha, molho de tomate, cheddar, milho, ervilha, vinagrete, farofa, batata palha, maionese e catchup.', NULL, 1, 0, 4) ON CONFLICT(id) DO UPDATE SET category_id=excluded.category_id, name=excluded.name, ingredients=excluded.ingredients, image_key=NULL, is_available=excluded.is_available, is_featured=excluded.is_featured, sort_order=excluded.sort_order, updated_at=strftime('%Y-%m-%dT%H:%M:%fZ', 'now');
INSERT INTO product_variants (id, product_id, label, price_cents, promotional_price_cents, is_active, sort_order) VALUES ('seed-variant-040', 'seed-product-040', NULL, 2700, NULL, 1, 0) ON CONFLICT(id) DO UPDATE SET product_id=excluded.product_id, label=excluded.label, price_cents=excluded.price_cents, promotional_price_cents=excluded.promotional_price_cents, is_active=1, sort_order=excluded.sort_order;
INSERT INTO products (id, category_id, name, ingredients, image_key, is_available, is_featured, sort_order) VALUES ('seed-product-041', 'seed-category-02', 'HOT DOG TRADICIONAL BACON CHEDDAR', 'Salsicha, bacon, molho de tomate, cheddar, milho, ervilha, vinagrete, farofa, batata palha, maionese e catchup.', NULL, 1, 0, 5) ON CONFLICT(id) DO UPDATE SET category_id=excluded.category_id, name=excluded.name, ingredients=excluded.ingredients, image_key=NULL, is_available=excluded.is_available, is_featured=excluded.is_featured, sort_order=excluded.sort_order, updated_at=strftime('%Y-%m-%dT%H:%M:%fZ', 'now');
INSERT INTO product_variants (id, product_id, label, price_cents, promotional_price_cents, is_active, sort_order) VALUES ('seed-variant-041', 'seed-product-041', NULL, 3000, NULL, 1, 0) ON CONFLICT(id) DO UPDATE SET product_id=excluded.product_id, label=excluded.label, price_cents=excluded.price_cents, promotional_price_cents=excluded.promotional_price_cents, is_active=1, sort_order=excluded.sort_order;
INSERT INTO products (id, category_id, name, ingredients, image_key, is_available, is_featured, sort_order) VALUES ('seed-product-042', 'seed-category-02', 'HOT DOG TRADICIONAL BACON CATUPIRY', 'Salsicha, bacon, molho de tomate, catupiry, milho, ervilha, vinagrete, farofa, batata palha, maionese e catchup.', NULL, 1, 0, 6) ON CONFLICT(id) DO UPDATE SET category_id=excluded.category_id, name=excluded.name, ingredients=excluded.ingredients, image_key=NULL, is_available=excluded.is_available, is_featured=excluded.is_featured, sort_order=excluded.sort_order, updated_at=strftime('%Y-%m-%dT%H:%M:%fZ', 'now');
INSERT INTO product_variants (id, product_id, label, price_cents, promotional_price_cents, is_active, sort_order) VALUES ('seed-variant-042', 'seed-product-042', NULL, 3000, NULL, 1, 0) ON CONFLICT(id) DO UPDATE SET product_id=excluded.product_id, label=excluded.label, price_cents=excluded.price_cents, promotional_price_cents=excluded.promotional_price_cents, is_active=1, sort_order=excluded.sort_order;
INSERT INTO categories (id, name, slug, is_active, sort_order) VALUES ('seed-category-03', 'Lanches Especiais', 'lanches-especiais', 1, 2) ON CONFLICT(id) DO UPDATE SET name=excluded.name, slug=excluded.slug, is_active=1, sort_order=excluded.sort_order, updated_at=strftime('%Y-%m-%dT%H:%M:%fZ', 'now');
INSERT INTO products (id, category_id, name, ingredients, image_key, is_available, is_featured, sort_order) VALUES ('seed-product-043', 'seed-category-03', 'X GOURMET NO PRATO', 'Hambúrguer gourmet de 150 g, alface, tomate, cebola roxa, pepino, queijo cheddar e 3 opções de acompanhamentos: bacon, calabresa ou ovo.', NULL, 1, 1, 0) ON CONFLICT(id) DO UPDATE SET category_id=excluded.category_id, name=excluded.name, ingredients=excluded.ingredients, image_key=NULL, is_available=excluded.is_available, is_featured=excluded.is_featured, sort_order=excluded.sort_order, updated_at=strftime('%Y-%m-%dT%H:%M:%fZ', 'now');
INSERT INTO product_variants (id, product_id, label, price_cents, promotional_price_cents, is_active, sort_order) VALUES ('seed-variant-043', 'seed-product-043', NULL, 3300, NULL, 1, 0) ON CONFLICT(id) DO UPDATE SET product_id=excluded.product_id, label=excluded.label, price_cents=excluded.price_cents, promotional_price_cents=excluded.promotional_price_cents, is_active=1, sort_order=excluded.sort_order;
INSERT INTO products (id, category_id, name, ingredients, image_key, is_available, is_featured, sort_order) VALUES ('seed-product-044', 'seed-category-03', 'X COSTELA NO PACOTE', 'Carne de costela 150 g, cebola roxa, alface, tomate, pepino e queijo mussarela.', NULL, 1, 0, 1) ON CONFLICT(id) DO UPDATE SET category_id=excluded.category_id, name=excluded.name, ingredients=excluded.ingredients, image_key=NULL, is_available=excluded.is_available, is_featured=excluded.is_featured, sort_order=excluded.sort_order, updated_at=strftime('%Y-%m-%dT%H:%M:%fZ', 'now');
INSERT INTO product_variants (id, product_id, label, price_cents, promotional_price_cents, is_active, sort_order) VALUES ('seed-variant-044', 'seed-product-044', NULL, 3500, NULL, 1, 0) ON CONFLICT(id) DO UPDATE SET product_id=excluded.product_id, label=excluded.label, price_cents=excluded.price_cents, promotional_price_cents=excluded.promotional_price_cents, is_active=1, sort_order=excluded.sort_order;
INSERT INTO products (id, category_id, name, ingredients, image_key, is_available, is_featured, sort_order) VALUES ('seed-product-045', 'seed-category-03', 'X GOURMET DUPLO NO PRATO', '2 hambúrgueres gourmet de 150 g, alface, tomate, cebola roxa, pepino, queijo cheddar e 3 opções de acompanhamentos: bacon, calabresa ou ovo.', NULL, 1, 0, 2) ON CONFLICT(id) DO UPDATE SET category_id=excluded.category_id, name=excluded.name, ingredients=excluded.ingredients, image_key=NULL, is_available=excluded.is_available, is_featured=excluded.is_featured, sort_order=excluded.sort_order, updated_at=strftime('%Y-%m-%dT%H:%M:%fZ', 'now');
INSERT INTO product_variants (id, product_id, label, price_cents, promotional_price_cents, is_active, sort_order) VALUES ('seed-variant-045', 'seed-product-045', NULL, 3900, NULL, 1, 0) ON CONFLICT(id) DO UPDATE SET product_id=excluded.product_id, label=excluded.label, price_cents=excluded.price_cents, promotional_price_cents=excluded.promotional_price_cents, is_active=1, sort_order=excluded.sort_order;
INSERT INTO products (id, category_id, name, ingredients, image_key, is_available, is_featured, sort_order) VALUES ('seed-product-046', 'seed-category-03', 'X ALCATRA NO PACOTE', 'Alcatra, cebola chapeada, queijo mussarela derretido, alface e tomate.', NULL, 1, 0, 3) ON CONFLICT(id) DO UPDATE SET category_id=excluded.category_id, name=excluded.name, ingredients=excluded.ingredients, image_key=NULL, is_available=excluded.is_available, is_featured=excluded.is_featured, sort_order=excluded.sort_order, updated_at=strftime('%Y-%m-%dT%H:%M:%fZ', 'now');
INSERT INTO product_variants (id, product_id, label, price_cents, promotional_price_cents, is_active, sort_order) VALUES ('seed-variant-046', 'seed-product-046', NULL, 3900, NULL, 1, 0) ON CONFLICT(id) DO UPDATE SET product_id=excluded.product_id, label=excluded.label, price_cents=excluded.price_cents, promotional_price_cents=excluded.promotional_price_cents, is_active=1, sort_order=excluded.sort_order;
INSERT INTO categories (id, name, slug, is_active, sort_order) VALUES ('seed-category-04', 'Lanches', 'lanches', 1, 3) ON CONFLICT(id) DO UPDATE SET name=excluded.name, slug=excluded.slug, is_active=1, sort_order=excluded.sort_order, updated_at=strftime('%Y-%m-%dT%H:%M:%fZ', 'now');
INSERT INTO products (id, category_id, name, ingredients, image_key, is_available, is_featured, sort_order) VALUES ('seed-product-047', 'seed-category-04', 'X-BURGUER', 'Pão, hambúrguer e queijo.', NULL, 1, 0, 0) ON CONFLICT(id) DO UPDATE SET category_id=excluded.category_id, name=excluded.name, ingredients=excluded.ingredients, image_key=NULL, is_available=excluded.is_available, is_featured=excluded.is_featured, sort_order=excluded.sort_order, updated_at=strftime('%Y-%m-%dT%H:%M:%fZ', 'now');
INSERT INTO product_variants (id, product_id, label, price_cents, promotional_price_cents, is_active, sort_order) VALUES ('seed-variant-047', 'seed-product-047', NULL, 1500, NULL, 1, 0) ON CONFLICT(id) DO UPDATE SET product_id=excluded.product_id, label=excluded.label, price_cents=excluded.price_cents, promotional_price_cents=excluded.promotional_price_cents, is_active=1, sort_order=excluded.sort_order;
INSERT INTO products (id, category_id, name, ingredients, image_key, is_available, is_featured, sort_order) VALUES ('seed-product-048', 'seed-category-04', 'X-BURGUER EGG', 'Pão, hambúrguer, ovo e queijo.', NULL, 1, 0, 1) ON CONFLICT(id) DO UPDATE SET category_id=excluded.category_id, name=excluded.name, ingredients=excluded.ingredients, image_key=NULL, is_available=excluded.is_available, is_featured=excluded.is_featured, sort_order=excluded.sort_order, updated_at=strftime('%Y-%m-%dT%H:%M:%fZ', 'now');
INSERT INTO product_variants (id, product_id, label, price_cents, promotional_price_cents, is_active, sort_order) VALUES ('seed-variant-048', 'seed-product-048', NULL, 1800, NULL, 1, 0) ON CONFLICT(id) DO UPDATE SET product_id=excluded.product_id, label=excluded.label, price_cents=excluded.price_cents, promotional_price_cents=excluded.promotional_price_cents, is_active=1, sort_order=excluded.sort_order;
INSERT INTO products (id, category_id, name, ingredients, image_key, is_available, is_featured, sort_order) VALUES ('seed-product-049', 'seed-category-04', 'X-SALADA', 'Pão, hambúrguer, alface, tomate e queijo.', NULL, 1, 0, 2) ON CONFLICT(id) DO UPDATE SET category_id=excluded.category_id, name=excluded.name, ingredients=excluded.ingredients, image_key=NULL, is_available=excluded.is_available, is_featured=excluded.is_featured, sort_order=excluded.sort_order, updated_at=strftime('%Y-%m-%dT%H:%M:%fZ', 'now');
INSERT INTO product_variants (id, product_id, label, price_cents, promotional_price_cents, is_active, sort_order) VALUES ('seed-variant-049', 'seed-product-049', NULL, 1800, NULL, 1, 0) ON CONFLICT(id) DO UPDATE SET product_id=excluded.product_id, label=excluded.label, price_cents=excluded.price_cents, promotional_price_cents=excluded.promotional_price_cents, is_active=1, sort_order=excluded.sort_order;
INSERT INTO products (id, category_id, name, ingredients, image_key, is_available, is_featured, sort_order) VALUES ('seed-product-050', 'seed-category-04', 'BAURU', 'Pão, queijo mussarela e tomate.', NULL, 1, 0, 3) ON CONFLICT(id) DO UPDATE SET category_id=excluded.category_id, name=excluded.name, ingredients=excluded.ingredients, image_key=NULL, is_available=excluded.is_available, is_featured=excluded.is_featured, sort_order=excluded.sort_order, updated_at=strftime('%Y-%m-%dT%H:%M:%fZ', 'now');
INSERT INTO product_variants (id, product_id, label, price_cents, promotional_price_cents, is_active, sort_order) VALUES ('seed-variant-050', 'seed-product-050', NULL, 1800, NULL, 1, 0) ON CONFLICT(id) DO UPDATE SET product_id=excluded.product_id, label=excluded.label, price_cents=excluded.price_cents, promotional_price_cents=excluded.promotional_price_cents, is_active=1, sort_order=excluded.sort_order;
INSERT INTO products (id, category_id, name, ingredients, image_key, is_available, is_featured, sort_order) VALUES ('seed-product-051', 'seed-category-04', 'X-SALADA COMPLETO', 'Pão, hambúrguer, alface, tomate, queijo, milho, ervilha e batata palha.', NULL, 1, 0, 4) ON CONFLICT(id) DO UPDATE SET category_id=excluded.category_id, name=excluded.name, ingredients=excluded.ingredients, image_key=NULL, is_available=excluded.is_available, is_featured=excluded.is_featured, sort_order=excluded.sort_order, updated_at=strftime('%Y-%m-%dT%H:%M:%fZ', 'now');
INSERT INTO product_variants (id, product_id, label, price_cents, promotional_price_cents, is_active, sort_order) VALUES ('seed-variant-051', 'seed-product-051', NULL, 2400, NULL, 1, 0) ON CONFLICT(id) DO UPDATE SET product_id=excluded.product_id, label=excluded.label, price_cents=excluded.price_cents, promotional_price_cents=excluded.promotional_price_cents, is_active=1, sort_order=excluded.sort_order;
INSERT INTO products (id, category_id, name, ingredients, image_key, is_available, is_featured, sort_order) VALUES ('seed-product-052', 'seed-category-04', 'EGGDU', 'Pão, hambúrguer, ovo, queijo mussarela, tomate e orégano.', NULL, 1, 0, 5) ON CONFLICT(id) DO UPDATE SET category_id=excluded.category_id, name=excluded.name, ingredients=excluded.ingredients, image_key=NULL, is_available=excluded.is_available, is_featured=excluded.is_featured, sort_order=excluded.sort_order, updated_at=strftime('%Y-%m-%dT%H:%M:%fZ', 'now');
INSERT INTO product_variants (id, product_id, label, price_cents, promotional_price_cents, is_active, sort_order) VALUES ('seed-variant-052', 'seed-product-052', NULL, 2500, NULL, 1, 0) ON CONFLICT(id) DO UPDATE SET product_id=excluded.product_id, label=excluded.label, price_cents=excluded.price_cents, promotional_price_cents=excluded.promotional_price_cents, is_active=1, sort_order=excluded.sort_order;
INSERT INTO products (id, category_id, name, ingredients, image_key, is_available, is_featured, sort_order) VALUES ('seed-product-053', 'seed-category-04', 'EGGCATU', 'Pão, hambúrguer, catupiry, queijo, alface e tomate.', NULL, 1, 0, 6) ON CONFLICT(id) DO UPDATE SET category_id=excluded.category_id, name=excluded.name, ingredients=excluded.ingredients, image_key=NULL, is_available=excluded.is_available, is_featured=excluded.is_featured, sort_order=excluded.sort_order, updated_at=strftime('%Y-%m-%dT%H:%M:%fZ', 'now');
INSERT INTO product_variants (id, product_id, label, price_cents, promotional_price_cents, is_active, sort_order) VALUES ('seed-variant-053', 'seed-product-053', NULL, 2500, NULL, 1, 0) ON CONFLICT(id) DO UPDATE SET product_id=excluded.product_id, label=excluded.label, price_cents=excluded.price_cents, promotional_price_cents=excluded.promotional_price_cents, is_active=1, sort_order=excluded.sort_order;
INSERT INTO products (id, category_id, name, ingredients, image_key, is_available, is_featured, sort_order) VALUES ('seed-product-054', 'seed-category-04', 'BAURU CALABRESA', 'Pão, calabresa, queijo mussarela e tomate.', NULL, 1, 0, 7) ON CONFLICT(id) DO UPDATE SET category_id=excluded.category_id, name=excluded.name, ingredients=excluded.ingredients, image_key=NULL, is_available=excluded.is_available, is_featured=excluded.is_featured, sort_order=excluded.sort_order, updated_at=strftime('%Y-%m-%dT%H:%M:%fZ', 'now');
INSERT INTO product_variants (id, product_id, label, price_cents, promotional_price_cents, is_active, sort_order) VALUES ('seed-variant-054', 'seed-product-054', NULL, 2500, NULL, 1, 0) ON CONFLICT(id) DO UPDATE SET product_id=excluded.product_id, label=excluded.label, price_cents=excluded.price_cents, promotional_price_cents=excluded.promotional_price_cents, is_active=1, sort_order=excluded.sort_order;
INSERT INTO products (id, category_id, name, ingredients, image_key, is_available, is_featured, sort_order) VALUES ('seed-product-055', 'seed-category-04', 'X-BURGUER BACON', 'Pão, hambúrguer, bacon e queijo.', NULL, 1, 0, 8) ON CONFLICT(id) DO UPDATE SET category_id=excluded.category_id, name=excluded.name, ingredients=excluded.ingredients, image_key=NULL, is_available=excluded.is_available, is_featured=excluded.is_featured, sort_order=excluded.sort_order, updated_at=strftime('%Y-%m-%dT%H:%M:%fZ', 'now');
INSERT INTO product_variants (id, product_id, label, price_cents, promotional_price_cents, is_active, sort_order) VALUES ('seed-variant-055', 'seed-product-055', NULL, 2500, NULL, 1, 0) ON CONFLICT(id) DO UPDATE SET product_id=excluded.product_id, label=excluded.label, price_cents=excluded.price_cents, promotional_price_cents=excluded.promotional_price_cents, is_active=1, sort_order=excluded.sort_order;
INSERT INTO products (id, category_id, name, ingredients, image_key, is_available, is_featured, sort_order) VALUES ('seed-product-056', 'seed-category-04', 'X-EGG', 'Pão, hambúrguer, ovo, alface, tomate, queijo, milho, ervilha e batata palha.', NULL, 1, 0, 9) ON CONFLICT(id) DO UPDATE SET category_id=excluded.category_id, name=excluded.name, ingredients=excluded.ingredients, image_key=NULL, is_available=excluded.is_available, is_featured=excluded.is_featured, sort_order=excluded.sort_order, updated_at=strftime('%Y-%m-%dT%H:%M:%fZ', 'now');
INSERT INTO product_variants (id, product_id, label, price_cents, promotional_price_cents, is_active, sort_order) VALUES ('seed-variant-056', 'seed-product-056', NULL, 2800, NULL, 1, 0) ON CONFLICT(id) DO UPDATE SET product_id=excluded.product_id, label=excluded.label, price_cents=excluded.price_cents, promotional_price_cents=excluded.promotional_price_cents, is_active=1, sort_order=excluded.sort_order;
INSERT INTO products (id, category_id, name, ingredients, image_key, is_available, is_featured, sort_order) VALUES ('seed-product-057', 'seed-category-04', 'MISTO FRANGO', 'Pão, frango e queijo mussarela.', NULL, 1, 0, 10) ON CONFLICT(id) DO UPDATE SET category_id=excluded.category_id, name=excluded.name, ingredients=excluded.ingredients, image_key=NULL, is_available=excluded.is_available, is_featured=excluded.is_featured, sort_order=excluded.sort_order, updated_at=strftime('%Y-%m-%dT%H:%M:%fZ', 'now');
INSERT INTO product_variants (id, product_id, label, price_cents, promotional_price_cents, is_active, sort_order) VALUES ('seed-variant-057', 'seed-product-057', NULL, 2800, NULL, 1, 0) ON CONFLICT(id) DO UPDATE SET product_id=excluded.product_id, label=excluded.label, price_cents=excluded.price_cents, promotional_price_cents=excluded.promotional_price_cents, is_active=1, sort_order=excluded.sort_order;
INSERT INTO products (id, category_id, name, ingredients, image_key, is_available, is_featured, sort_order) VALUES ('seed-product-058', 'seed-category-04', 'MISTO CORAÇÃO', 'Pão, coração e queijo mussarela.', NULL, 1, 0, 11) ON CONFLICT(id) DO UPDATE SET category_id=excluded.category_id, name=excluded.name, ingredients=excluded.ingredients, image_key=NULL, is_available=excluded.is_available, is_featured=excluded.is_featured, sort_order=excluded.sort_order, updated_at=strftime('%Y-%m-%dT%H:%M:%fZ', 'now');
INSERT INTO product_variants (id, product_id, label, price_cents, promotional_price_cents, is_active, sort_order) VALUES ('seed-variant-058', 'seed-product-058', NULL, 3000, NULL, 1, 0) ON CONFLICT(id) DO UPDATE SET product_id=excluded.product_id, label=excluded.label, price_cents=excluded.price_cents, promotional_price_cents=excluded.promotional_price_cents, is_active=1, sort_order=excluded.sort_order;
INSERT INTO products (id, category_id, name, ingredients, image_key, is_available, is_featured, sort_order) VALUES ('seed-product-059', 'seed-category-04', 'X-SALADA GOURMET', 'Pão, hambúrguer artesanal 150 g, alface, tomate, queijo cheddar, pepino e cebola roxa.', NULL, 1, 1, 12) ON CONFLICT(id) DO UPDATE SET category_id=excluded.category_id, name=excluded.name, ingredients=excluded.ingredients, image_key=NULL, is_available=excluded.is_available, is_featured=excluded.is_featured, sort_order=excluded.sort_order, updated_at=strftime('%Y-%m-%dT%H:%M:%fZ', 'now');
INSERT INTO product_variants (id, product_id, label, price_cents, promotional_price_cents, is_active, sort_order) VALUES ('seed-variant-059', 'seed-product-059', NULL, 3000, NULL, 1, 0) ON CONFLICT(id) DO UPDATE SET product_id=excluded.product_id, label=excluded.label, price_cents=excluded.price_cents, promotional_price_cents=excluded.promotional_price_cents, is_active=1, sort_order=excluded.sort_order;
INSERT INTO products (id, category_id, name, ingredients, image_key, is_available, is_featured, sort_order) VALUES ('seed-product-060', 'seed-category-04', 'X-FRANGO', 'Pão, frango, alface, tomate, queijo, milho, ervilha e batata palha.', NULL, 1, 0, 13) ON CONFLICT(id) DO UPDATE SET category_id=excluded.category_id, name=excluded.name, ingredients=excluded.ingredients, image_key=NULL, is_available=excluded.is_available, is_featured=excluded.is_featured, sort_order=excluded.sort_order, updated_at=strftime('%Y-%m-%dT%H:%M:%fZ', 'now');
INSERT INTO product_variants (id, product_id, label, price_cents, promotional_price_cents, is_active, sort_order) VALUES ('seed-variant-060', 'seed-product-060', NULL, 3300, NULL, 1, 0) ON CONFLICT(id) DO UPDATE SET product_id=excluded.product_id, label=excluded.label, price_cents=excluded.price_cents, promotional_price_cents=excluded.promotional_price_cents, is_active=1, sort_order=excluded.sort_order;
INSERT INTO products (id, category_id, name, ingredients, image_key, is_available, is_featured, sort_order) VALUES ('seed-product-061', 'seed-category-04', 'X-BACON', 'Pão, hambúrguer, bacon, alface, tomate, queijo, milho, ervilha e batata palha.', NULL, 1, 0, 14) ON CONFLICT(id) DO UPDATE SET category_id=excluded.category_id, name=excluded.name, ingredients=excluded.ingredients, image_key=NULL, is_available=excluded.is_available, is_featured=excluded.is_featured, sort_order=excluded.sort_order, updated_at=strftime('%Y-%m-%dT%H:%M:%fZ', 'now');
INSERT INTO product_variants (id, product_id, label, price_cents, promotional_price_cents, is_active, sort_order) VALUES ('seed-variant-061', 'seed-product-061', NULL, 3300, NULL, 1, 0) ON CONFLICT(id) DO UPDATE SET product_id=excluded.product_id, label=excluded.label, price_cents=excluded.price_cents, promotional_price_cents=excluded.promotional_price_cents, is_active=1, sort_order=excluded.sort_order;
INSERT INTO products (id, category_id, name, ingredients, image_key, is_available, is_featured, sort_order) VALUES ('seed-product-062', 'seed-category-04', 'X-CALABRESA', 'Pão, hambúrguer, calabresa, alface, tomate, queijo, milho, ervilha e batata palha.', NULL, 1, 0, 15) ON CONFLICT(id) DO UPDATE SET category_id=excluded.category_id, name=excluded.name, ingredients=excluded.ingredients, image_key=NULL, is_available=excluded.is_available, is_featured=excluded.is_featured, sort_order=excluded.sort_order, updated_at=strftime('%Y-%m-%dT%H:%M:%fZ', 'now');
INSERT INTO product_variants (id, product_id, label, price_cents, promotional_price_cents, is_active, sort_order) VALUES ('seed-variant-062', 'seed-product-062', NULL, 3300, NULL, 1, 0) ON CONFLICT(id) DO UPDATE SET product_id=excluded.product_id, label=excluded.label, price_cents=excluded.price_cents, promotional_price_cents=excluded.promotional_price_cents, is_active=1, sort_order=excluded.sort_order;
INSERT INTO products (id, category_id, name, ingredients, image_key, is_available, is_featured, sort_order) VALUES ('seed-product-063', 'seed-category-04', 'MISTO BACON', 'Pão, bacon e queijo mussarela.', NULL, 1, 0, 16) ON CONFLICT(id) DO UPDATE SET category_id=excluded.category_id, name=excluded.name, ingredients=excluded.ingredients, image_key=NULL, is_available=excluded.is_available, is_featured=excluded.is_featured, sort_order=excluded.sort_order, updated_at=strftime('%Y-%m-%dT%H:%M:%fZ', 'now');
INSERT INTO product_variants (id, product_id, label, price_cents, promotional_price_cents, is_active, sort_order) VALUES ('seed-variant-063', 'seed-product-063', NULL, 3300, NULL, 1, 0) ON CONFLICT(id) DO UPDATE SET product_id=excluded.product_id, label=excluded.label, price_cents=excluded.price_cents, promotional_price_cents=excluded.promotional_price_cents, is_active=1, sort_order=excluded.sort_order;
INSERT INTO products (id, category_id, name, ingredients, image_key, is_available, is_featured, sort_order) VALUES ('seed-product-064', 'seed-category-04', 'MISTO BACON EGG', 'Pão, bacon, ovo e queijo mussarela.', NULL, 1, 0, 17) ON CONFLICT(id) DO UPDATE SET category_id=excluded.category_id, name=excluded.name, ingredients=excluded.ingredients, image_key=NULL, is_available=excluded.is_available, is_featured=excluded.is_featured, sort_order=excluded.sort_order, updated_at=strftime('%Y-%m-%dT%H:%M:%fZ', 'now');
INSERT INTO product_variants (id, product_id, label, price_cents, promotional_price_cents, is_active, sort_order) VALUES ('seed-variant-064', 'seed-product-064', NULL, 3400, NULL, 1, 0) ON CONFLICT(id) DO UPDATE SET product_id=excluded.product_id, label=excluded.label, price_cents=excluded.price_cents, promotional_price_cents=excluded.promotional_price_cents, is_active=1, sort_order=excluded.sort_order;
INSERT INTO products (id, category_id, name, ingredients, image_key, is_available, is_featured, sort_order) VALUES ('seed-product-065', 'seed-category-04', 'X-FRANGO BACON', 'Pão, frango, bacon, alface, tomate, queijo, milho, ervilha e batata palha.', NULL, 1, 0, 18) ON CONFLICT(id) DO UPDATE SET category_id=excluded.category_id, name=excluded.name, ingredients=excluded.ingredients, image_key=NULL, is_available=excluded.is_available, is_featured=excluded.is_featured, sort_order=excluded.sort_order, updated_at=strftime('%Y-%m-%dT%H:%M:%fZ', 'now');
INSERT INTO product_variants (id, product_id, label, price_cents, promotional_price_cents, is_active, sort_order) VALUES ('seed-variant-065', 'seed-product-065', NULL, 3500, NULL, 1, 0) ON CONFLICT(id) DO UPDATE SET product_id=excluded.product_id, label=excluded.label, price_cents=excluded.price_cents, promotional_price_cents=excluded.promotional_price_cents, is_active=1, sort_order=excluded.sort_order;
INSERT INTO products (id, category_id, name, ingredients, image_key, is_available, is_featured, sort_order) VALUES ('seed-product-066', 'seed-category-04', 'X-FRANGO EGG', 'Pão, frango, ovo, alface, tomate, queijo, milho, ervilha e batata palha.', NULL, 1, 0, 19) ON CONFLICT(id) DO UPDATE SET category_id=excluded.category_id, name=excluded.name, ingredients=excluded.ingredients, image_key=NULL, is_available=excluded.is_available, is_featured=excluded.is_featured, sort_order=excluded.sort_order, updated_at=strftime('%Y-%m-%dT%H:%M:%fZ', 'now');
INSERT INTO product_variants (id, product_id, label, price_cents, promotional_price_cents, is_active, sort_order) VALUES ('seed-variant-066', 'seed-product-066', NULL, 3500, NULL, 1, 0) ON CONFLICT(id) DO UPDATE SET product_id=excluded.product_id, label=excluded.label, price_cents=excluded.price_cents, promotional_price_cents=excluded.promotional_price_cents, is_active=1, sort_order=excluded.sort_order;
INSERT INTO products (id, category_id, name, ingredients, image_key, is_available, is_featured, sort_order) VALUES ('seed-product-067', 'seed-category-04', 'X-BACON EGG', 'Pão, hambúrguer, bacon, ovo, alface, tomate, queijo, milho, ervilha e batata palha.', NULL, 1, 0, 20) ON CONFLICT(id) DO UPDATE SET category_id=excluded.category_id, name=excluded.name, ingredients=excluded.ingredients, image_key=NULL, is_available=excluded.is_available, is_featured=excluded.is_featured, sort_order=excluded.sort_order, updated_at=strftime('%Y-%m-%dT%H:%M:%fZ', 'now');
INSERT INTO product_variants (id, product_id, label, price_cents, promotional_price_cents, is_active, sort_order) VALUES ('seed-variant-067', 'seed-product-067', NULL, 3500, NULL, 1, 0) ON CONFLICT(id) DO UPDATE SET product_id=excluded.product_id, label=excluded.label, price_cents=excluded.price_cents, promotional_price_cents=excluded.promotional_price_cents, is_active=1, sort_order=excluded.sort_order;
INSERT INTO products (id, category_id, name, ingredients, image_key, is_available, is_featured, sort_order) VALUES ('seed-product-068', 'seed-category-04', 'X-CORAÇÃO', 'Pão, hambúrguer, coração, alface, tomate, queijo, milho, ervilha e batata palha.', NULL, 1, 0, 21) ON CONFLICT(id) DO UPDATE SET category_id=excluded.category_id, name=excluded.name, ingredients=excluded.ingredients, image_key=NULL, is_available=excluded.is_available, is_featured=excluded.is_featured, sort_order=excluded.sort_order, updated_at=strftime('%Y-%m-%dT%H:%M:%fZ', 'now');
INSERT INTO product_variants (id, product_id, label, price_cents, promotional_price_cents, is_active, sort_order) VALUES ('seed-variant-068', 'seed-product-068', NULL, 3500, NULL, 1, 0) ON CONFLICT(id) DO UPDATE SET product_id=excluded.product_id, label=excluded.label, price_cents=excluded.price_cents, promotional_price_cents=excluded.promotional_price_cents, is_active=1, sort_order=excluded.sort_order;
INSERT INTO products (id, category_id, name, ingredients, image_key, is_available, is_featured, sort_order) VALUES ('seed-product-069', 'seed-category-04', 'X-FRANGO CALABRESA', 'Pão, frango, calabresa, alface, tomate, queijo, milho, ervilha e batata palha.', NULL, 1, 0, 22) ON CONFLICT(id) DO UPDATE SET category_id=excluded.category_id, name=excluded.name, ingredients=excluded.ingredients, image_key=NULL, is_available=excluded.is_available, is_featured=excluded.is_featured, sort_order=excluded.sort_order, updated_at=strftime('%Y-%m-%dT%H:%M:%fZ', 'now');
INSERT INTO product_variants (id, product_id, label, price_cents, promotional_price_cents, is_active, sort_order) VALUES ('seed-variant-069', 'seed-product-069', NULL, 3500, NULL, 1, 0) ON CONFLICT(id) DO UPDATE SET product_id=excluded.product_id, label=excluded.label, price_cents=excluded.price_cents, promotional_price_cents=excluded.promotional_price_cents, is_active=1, sort_order=excluded.sort_order;
INSERT INTO products (id, category_id, name, ingredients, image_key, is_available, is_featured, sort_order) VALUES ('seed-product-070', 'seed-category-04', 'MISTO FRANGO CORAÇÃO', 'Pão, frango, coração e queijo mussarela.', NULL, 1, 0, 23) ON CONFLICT(id) DO UPDATE SET category_id=excluded.category_id, name=excluded.name, ingredients=excluded.ingredients, image_key=NULL, is_available=excluded.is_available, is_featured=excluded.is_featured, sort_order=excluded.sort_order, updated_at=strftime('%Y-%m-%dT%H:%M:%fZ', 'now');
INSERT INTO product_variants (id, product_id, label, price_cents, promotional_price_cents, is_active, sort_order) VALUES ('seed-variant-070', 'seed-product-070', NULL, 3700, NULL, 1, 0) ON CONFLICT(id) DO UPDATE SET product_id=excluded.product_id, label=excluded.label, price_cents=excluded.price_cents, promotional_price_cents=excluded.promotional_price_cents, is_active=1, sort_order=excluded.sort_order;
INSERT INTO products (id, category_id, name, ingredients, image_key, is_available, is_featured, sort_order) VALUES ('seed-product-071', 'seed-category-04', 'X-FRANGO CORAÇÃO', 'Pão, frango, coração, alface, tomate, queijo, milho, ervilha e batata palha.', NULL, 1, 0, 24) ON CONFLICT(id) DO UPDATE SET category_id=excluded.category_id, name=excluded.name, ingredients=excluded.ingredients, image_key=NULL, is_available=excluded.is_available, is_featured=excluded.is_featured, sort_order=excluded.sort_order, updated_at=strftime('%Y-%m-%dT%H:%M:%fZ', 'now');
INSERT INTO product_variants (id, product_id, label, price_cents, promotional_price_cents, is_active, sort_order) VALUES ('seed-variant-071', 'seed-product-071', NULL, 3700, NULL, 1, 0) ON CONFLICT(id) DO UPDATE SET product_id=excluded.product_id, label=excluded.label, price_cents=excluded.price_cents, promotional_price_cents=excluded.promotional_price_cents, is_active=1, sort_order=excluded.sort_order;
INSERT INTO products (id, category_id, name, ingredients, image_key, is_available, is_featured, sort_order) VALUES ('seed-product-072', 'seed-category-04', 'X-ALCATRA EGG', 'Pão, alcatra, ovo, alface, tomate, queijo, milho, ervilha e batata palha.', NULL, 1, 0, 25) ON CONFLICT(id) DO UPDATE SET category_id=excluded.category_id, name=excluded.name, ingredients=excluded.ingredients, image_key=NULL, is_available=excluded.is_available, is_featured=excluded.is_featured, sort_order=excluded.sort_order, updated_at=strftime('%Y-%m-%dT%H:%M:%fZ', 'now');
INSERT INTO product_variants (id, product_id, label, price_cents, promotional_price_cents, is_active, sort_order) VALUES ('seed-variant-072', 'seed-product-072', NULL, 4000, NULL, 1, 0) ON CONFLICT(id) DO UPDATE SET product_id=excluded.product_id, label=excluded.label, price_cents=excluded.price_cents, promotional_price_cents=excluded.promotional_price_cents, is_active=1, sort_order=excluded.sort_order;
INSERT INTO products (id, category_id, name, ingredients, image_key, is_available, is_featured, sort_order) VALUES ('seed-product-073', 'seed-category-04', 'X-TUDO PIPO', 'Pão, hambúrguer, bacon, ovo, frango, calabresa, coração, catupiry, alface, tomate, queijo, milho, ervilha e batata palha. Servido no prato.', NULL, 1, 1, 26) ON CONFLICT(id) DO UPDATE SET category_id=excluded.category_id, name=excluded.name, ingredients=excluded.ingredients, image_key=NULL, is_available=excluded.is_available, is_featured=excluded.is_featured, sort_order=excluded.sort_order, updated_at=strftime('%Y-%m-%dT%H:%M:%fZ', 'now');
INSERT INTO product_variants (id, product_id, label, price_cents, promotional_price_cents, is_active, sort_order) VALUES ('seed-variant-073', 'seed-product-073', NULL, 5200, NULL, 1, 0) ON CONFLICT(id) DO UPDATE SET product_id=excluded.product_id, label=excluded.label, price_cents=excluded.price_cents, promotional_price_cents=excluded.promotional_price_cents, is_active=1, sort_order=excluded.sort_order;
INSERT INTO categories (id, name, slug, is_active, sort_order) VALUES ('seed-category-05', 'Lanches com Fritas no Prato', 'lanches-com-fritas-no-prato', 1, 4) ON CONFLICT(id) DO UPDATE SET name=excluded.name, slug=excluded.slug, is_active=1, sort_order=excluded.sort_order, updated_at=strftime('%Y-%m-%dT%H:%M:%fZ', 'now');
INSERT INTO products (id, category_id, name, ingredients, image_key, is_available, is_featured, sort_order) VALUES ('seed-product-074', 'seed-category-05', 'X BURGUER COM FRITAS', NULL, NULL, 1, 0, 0) ON CONFLICT(id) DO UPDATE SET category_id=excluded.category_id, name=excluded.name, ingredients=excluded.ingredients, image_key=NULL, is_available=excluded.is_available, is_featured=excluded.is_featured, sort_order=excluded.sort_order, updated_at=strftime('%Y-%m-%dT%H:%M:%fZ', 'now');
INSERT INTO product_variants (id, product_id, label, price_cents, promotional_price_cents, is_active, sort_order) VALUES ('seed-variant-074', 'seed-product-074', NULL, 2500, NULL, 1, 0) ON CONFLICT(id) DO UPDATE SET product_id=excluded.product_id, label=excluded.label, price_cents=excluded.price_cents, promotional_price_cents=excluded.promotional_price_cents, is_active=1, sort_order=excluded.sort_order;
INSERT INTO products (id, category_id, name, ingredients, image_key, is_available, is_featured, sort_order) VALUES ('seed-product-075', 'seed-category-05', 'X SALADA COM FRITAS', NULL, NULL, 1, 0, 1) ON CONFLICT(id) DO UPDATE SET category_id=excluded.category_id, name=excluded.name, ingredients=excluded.ingredients, image_key=NULL, is_available=excluded.is_available, is_featured=excluded.is_featured, sort_order=excluded.sort_order, updated_at=strftime('%Y-%m-%dT%H:%M:%fZ', 'now');
INSERT INTO product_variants (id, product_id, label, price_cents, promotional_price_cents, is_active, sort_order) VALUES ('seed-variant-075', 'seed-product-075', NULL, 2800, NULL, 1, 0) ON CONFLICT(id) DO UPDATE SET product_id=excluded.product_id, label=excluded.label, price_cents=excluded.price_cents, promotional_price_cents=excluded.promotional_price_cents, is_active=1, sort_order=excluded.sort_order;
INSERT INTO products (id, category_id, name, ingredients, image_key, is_available, is_featured, sort_order) VALUES ('seed-product-076', 'seed-category-05', 'X EGG COM FRITAS', NULL, NULL, 1, 0, 2) ON CONFLICT(id) DO UPDATE SET category_id=excluded.category_id, name=excluded.name, ingredients=excluded.ingredients, image_key=NULL, is_available=excluded.is_available, is_featured=excluded.is_featured, sort_order=excluded.sort_order, updated_at=strftime('%Y-%m-%dT%H:%M:%fZ', 'now');
INSERT INTO product_variants (id, product_id, label, price_cents, promotional_price_cents, is_active, sort_order) VALUES ('seed-variant-076', 'seed-product-076', NULL, 3500, NULL, 1, 0) ON CONFLICT(id) DO UPDATE SET product_id=excluded.product_id, label=excluded.label, price_cents=excluded.price_cents, promotional_price_cents=excluded.promotional_price_cents, is_active=1, sort_order=excluded.sort_order;
INSERT INTO products (id, category_id, name, ingredients, image_key, is_available, is_featured, sort_order) VALUES ('seed-product-077', 'seed-category-05', 'X GOURMET COM FRITAS', NULL, NULL, 1, 0, 3) ON CONFLICT(id) DO UPDATE SET category_id=excluded.category_id, name=excluded.name, ingredients=excluded.ingredients, image_key=NULL, is_available=excluded.is_available, is_featured=excluded.is_featured, sort_order=excluded.sort_order, updated_at=strftime('%Y-%m-%dT%H:%M:%fZ', 'now');
INSERT INTO product_variants (id, product_id, label, price_cents, promotional_price_cents, is_active, sort_order) VALUES ('seed-variant-077', 'seed-product-077', NULL, 3600, NULL, 1, 0) ON CONFLICT(id) DO UPDATE SET product_id=excluded.product_id, label=excluded.label, price_cents=excluded.price_cents, promotional_price_cents=excluded.promotional_price_cents, is_active=1, sort_order=excluded.sort_order;
INSERT INTO products (id, category_id, name, ingredients, image_key, is_available, is_featured, sort_order) VALUES ('seed-product-078', 'seed-category-05', 'X FRANGO COM FRITAS', NULL, NULL, 1, 0, 4) ON CONFLICT(id) DO UPDATE SET category_id=excluded.category_id, name=excluded.name, ingredients=excluded.ingredients, image_key=NULL, is_available=excluded.is_available, is_featured=excluded.is_featured, sort_order=excluded.sort_order, updated_at=strftime('%Y-%m-%dT%H:%M:%fZ', 'now');
INSERT INTO product_variants (id, product_id, label, price_cents, promotional_price_cents, is_active, sort_order) VALUES ('seed-variant-078', 'seed-product-078', NULL, 3900, NULL, 1, 0) ON CONFLICT(id) DO UPDATE SET product_id=excluded.product_id, label=excluded.label, price_cents=excluded.price_cents, promotional_price_cents=excluded.promotional_price_cents, is_active=1, sort_order=excluded.sort_order;
INSERT INTO products (id, category_id, name, ingredients, image_key, is_available, is_featured, sort_order) VALUES ('seed-product-079', 'seed-category-05', 'X BACON COM FRITAS', NULL, NULL, 1, 0, 5) ON CONFLICT(id) DO UPDATE SET category_id=excluded.category_id, name=excluded.name, ingredients=excluded.ingredients, image_key=NULL, is_available=excluded.is_available, is_featured=excluded.is_featured, sort_order=excluded.sort_order, updated_at=strftime('%Y-%m-%dT%H:%M:%fZ', 'now');
INSERT INTO product_variants (id, product_id, label, price_cents, promotional_price_cents, is_active, sort_order) VALUES ('seed-variant-079', 'seed-product-079', NULL, 3900, NULL, 1, 0) ON CONFLICT(id) DO UPDATE SET product_id=excluded.product_id, label=excluded.label, price_cents=excluded.price_cents, promotional_price_cents=excluded.promotional_price_cents, is_active=1, sort_order=excluded.sort_order;
INSERT INTO products (id, category_id, name, ingredients, image_key, is_available, is_featured, sort_order) VALUES ('seed-product-080', 'seed-category-05', 'X CALABRESA COM FRITAS', NULL, NULL, 1, 0, 6) ON CONFLICT(id) DO UPDATE SET category_id=excluded.category_id, name=excluded.name, ingredients=excluded.ingredients, image_key=NULL, is_available=excluded.is_available, is_featured=excluded.is_featured, sort_order=excluded.sort_order, updated_at=strftime('%Y-%m-%dT%H:%M:%fZ', 'now');
INSERT INTO product_variants (id, product_id, label, price_cents, promotional_price_cents, is_active, sort_order) VALUES ('seed-variant-080', 'seed-product-080', NULL, 3900, NULL, 1, 0) ON CONFLICT(id) DO UPDATE SET product_id=excluded.product_id, label=excluded.label, price_cents=excluded.price_cents, promotional_price_cents=excluded.promotional_price_cents, is_active=1, sort_order=excluded.sort_order;
INSERT INTO products (id, category_id, name, ingredients, image_key, is_available, is_featured, sort_order) VALUES ('seed-product-081', 'seed-category-05', 'X CORAÇÃO COM FRITAS', NULL, NULL, 1, 0, 7) ON CONFLICT(id) DO UPDATE SET category_id=excluded.category_id, name=excluded.name, ingredients=excluded.ingredients, image_key=NULL, is_available=excluded.is_available, is_featured=excluded.is_featured, sort_order=excluded.sort_order, updated_at=strftime('%Y-%m-%dT%H:%M:%fZ', 'now');
INSERT INTO product_variants (id, product_id, label, price_cents, promotional_price_cents, is_active, sort_order) VALUES ('seed-variant-081', 'seed-product-081', NULL, 4000, NULL, 1, 0) ON CONFLICT(id) DO UPDATE SET product_id=excluded.product_id, label=excluded.label, price_cents=excluded.price_cents, promotional_price_cents=excluded.promotional_price_cents, is_active=1, sort_order=excluded.sort_order;
INSERT INTO products (id, category_id, name, ingredients, image_key, is_available, is_featured, sort_order) VALUES ('seed-product-082', 'seed-category-05', 'X COSTELA COM FRITAS', NULL, NULL, 1, 0, 8) ON CONFLICT(id) DO UPDATE SET category_id=excluded.category_id, name=excluded.name, ingredients=excluded.ingredients, image_key=NULL, is_available=excluded.is_available, is_featured=excluded.is_featured, sort_order=excluded.sort_order, updated_at=strftime('%Y-%m-%dT%H:%M:%fZ', 'now');
INSERT INTO product_variants (id, product_id, label, price_cents, promotional_price_cents, is_active, sort_order) VALUES ('seed-variant-082', 'seed-product-082', NULL, 4100, NULL, 1, 0) ON CONFLICT(id) DO UPDATE SET product_id=excluded.product_id, label=excluded.label, price_cents=excluded.price_cents, promotional_price_cents=excluded.promotional_price_cents, is_active=1, sort_order=excluded.sort_order;
INSERT INTO products (id, category_id, name, ingredients, image_key, is_available, is_featured, sort_order) VALUES ('seed-product-083', 'seed-category-05', 'X DOG ALCATRA COM FRITAS', NULL, NULL, 1, 0, 9) ON CONFLICT(id) DO UPDATE SET category_id=excluded.category_id, name=excluded.name, ingredients=excluded.ingredients, image_key=NULL, is_available=excluded.is_available, is_featured=excluded.is_featured, sort_order=excluded.sort_order, updated_at=strftime('%Y-%m-%dT%H:%M:%fZ', 'now');
INSERT INTO product_variants (id, product_id, label, price_cents, promotional_price_cents, is_active, sort_order) VALUES ('seed-variant-083', 'seed-product-083', NULL, 4300, NULL, 1, 0) ON CONFLICT(id) DO UPDATE SET product_id=excluded.product_id, label=excluded.label, price_cents=excluded.price_cents, promotional_price_cents=excluded.promotional_price_cents, is_active=1, sort_order=excluded.sort_order;
INSERT INTO products (id, category_id, name, ingredients, image_key, is_available, is_featured, sort_order) VALUES ('seed-product-084', 'seed-category-05', 'X BIFE COM FRITAS', NULL, NULL, 1, 0, 10) ON CONFLICT(id) DO UPDATE SET category_id=excluded.category_id, name=excluded.name, ingredients=excluded.ingredients, image_key=NULL, is_available=excluded.is_available, is_featured=excluded.is_featured, sort_order=excluded.sort_order, updated_at=strftime('%Y-%m-%dT%H:%M:%fZ', 'now');
INSERT INTO product_variants (id, product_id, label, price_cents, promotional_price_cents, is_active, sort_order) VALUES ('seed-variant-084', 'seed-product-084', NULL, 4500, NULL, 1, 0) ON CONFLICT(id) DO UPDATE SET product_id=excluded.product_id, label=excluded.label, price_cents=excluded.price_cents, promotional_price_cents=excluded.promotional_price_cents, is_active=1, sort_order=excluded.sort_order;
INSERT INTO products (id, category_id, name, ingredients, image_key, is_available, is_featured, sort_order) VALUES ('seed-product-085', 'seed-category-05', 'X ALCATRA COM FRITAS', NULL, NULL, 1, 0, 11) ON CONFLICT(id) DO UPDATE SET category_id=excluded.category_id, name=excluded.name, ingredients=excluded.ingredients, image_key=NULL, is_available=excluded.is_available, is_featured=excluded.is_featured, sort_order=excluded.sort_order, updated_at=strftime('%Y-%m-%dT%H:%M:%fZ', 'now');
INSERT INTO product_variants (id, product_id, label, price_cents, promotional_price_cents, is_active, sort_order) VALUES ('seed-variant-085', 'seed-product-085', NULL, 4700, NULL, 1, 0) ON CONFLICT(id) DO UPDATE SET product_id=excluded.product_id, label=excluded.label, price_cents=excluded.price_cents, promotional_price_cents=excluded.promotional_price_cents, is_active=1, sort_order=excluded.sort_order;
INSERT INTO categories (id, name, slug, is_active, sort_order) VALUES ('seed-category-06', 'Porções', 'porcoes', 1, 5) ON CONFLICT(id) DO UPDATE SET name=excluded.name, slug=excluded.slug, is_active=1, sort_order=excluded.sort_order, updated_at=strftime('%Y-%m-%dT%H:%M:%fZ', 'now');
INSERT INTO products (id, category_id, name, ingredients, image_key, is_available, is_featured, sort_order) VALUES ('seed-product-086', 'seed-category-06', 'FRANGO A PASSARINHO (COXINHA DA ASA)', NULL, NULL, 1, 0, 0) ON CONFLICT(id) DO UPDATE SET category_id=excluded.category_id, name=excluded.name, ingredients=excluded.ingredients, image_key=NULL, is_available=excluded.is_available, is_featured=excluded.is_featured, sort_order=excluded.sort_order, updated_at=strftime('%Y-%m-%dT%H:%M:%fZ', 'now');
INSERT INTO product_variants (id, product_id, label, price_cents, promotional_price_cents, is_active, sort_order) VALUES ('seed-variant-086', 'seed-product-086', 'Média', 4800, NULL, 1, 0) ON CONFLICT(id) DO UPDATE SET product_id=excluded.product_id, label=excluded.label, price_cents=excluded.price_cents, promotional_price_cents=excluded.promotional_price_cents, is_active=1, sort_order=excluded.sort_order;
INSERT INTO product_variants (id, product_id, label, price_cents, promotional_price_cents, is_active, sort_order) VALUES ('seed-variant-087', 'seed-product-086', 'Grande', 6900, NULL, 1, 1) ON CONFLICT(id) DO UPDATE SET product_id=excluded.product_id, label=excluded.label, price_cents=excluded.price_cents, promotional_price_cents=excluded.promotional_price_cents, is_active=1, sort_order=excluded.sort_order;
INSERT INTO products (id, category_id, name, ingredients, image_key, is_available, is_featured, sort_order) VALUES ('seed-product-087', 'seed-category-06', 'FRITAS', NULL, NULL, 1, 0, 1) ON CONFLICT(id) DO UPDATE SET category_id=excluded.category_id, name=excluded.name, ingredients=excluded.ingredients, image_key=NULL, is_available=excluded.is_available, is_featured=excluded.is_featured, sort_order=excluded.sort_order, updated_at=strftime('%Y-%m-%dT%H:%M:%fZ', 'now');
INSERT INTO product_variants (id, product_id, label, price_cents, promotional_price_cents, is_active, sort_order) VALUES ('seed-variant-088', 'seed-product-087', 'Média', 5000, NULL, 1, 0) ON CONFLICT(id) DO UPDATE SET product_id=excluded.product_id, label=excluded.label, price_cents=excluded.price_cents, promotional_price_cents=excluded.promotional_price_cents, is_active=1, sort_order=excluded.sort_order;
INSERT INTO product_variants (id, product_id, label, price_cents, promotional_price_cents, is_active, sort_order) VALUES ('seed-variant-089', 'seed-product-087', 'Grande', 7200, NULL, 1, 1) ON CONFLICT(id) DO UPDATE SET product_id=excluded.product_id, label=excluded.label, price_cents=excluded.price_cents, promotional_price_cents=excluded.promotional_price_cents, is_active=1, sort_order=excluded.sort_order;
INSERT INTO products (id, category_id, name, ingredients, image_key, is_available, is_featured, sort_order) VALUES ('seed-product-088', 'seed-category-06', 'FRITAS COM CALABRESA', NULL, NULL, 1, 0, 2) ON CONFLICT(id) DO UPDATE SET category_id=excluded.category_id, name=excluded.name, ingredients=excluded.ingredients, image_key=NULL, is_available=excluded.is_available, is_featured=excluded.is_featured, sort_order=excluded.sort_order, updated_at=strftime('%Y-%m-%dT%H:%M:%fZ', 'now');
INSERT INTO product_variants (id, product_id, label, price_cents, promotional_price_cents, is_active, sort_order) VALUES ('seed-variant-090', 'seed-product-088', 'Média', 5800, NULL, 1, 0) ON CONFLICT(id) DO UPDATE SET product_id=excluded.product_id, label=excluded.label, price_cents=excluded.price_cents, promotional_price_cents=excluded.promotional_price_cents, is_active=1, sort_order=excluded.sort_order;
INSERT INTO product_variants (id, product_id, label, price_cents, promotional_price_cents, is_active, sort_order) VALUES ('seed-variant-091', 'seed-product-088', 'Grande', 7400, NULL, 1, 1) ON CONFLICT(id) DO UPDATE SET product_id=excluded.product_id, label=excluded.label, price_cents=excluded.price_cents, promotional_price_cents=excluded.promotional_price_cents, is_active=1, sort_order=excluded.sort_order;
INSERT INTO products (id, category_id, name, ingredients, image_key, is_available, is_featured, sort_order) VALUES ('seed-product-089', 'seed-category-06', 'FRITAS COM FRANGO', NULL, NULL, 1, 0, 3) ON CONFLICT(id) DO UPDATE SET category_id=excluded.category_id, name=excluded.name, ingredients=excluded.ingredients, image_key=NULL, is_available=excluded.is_available, is_featured=excluded.is_featured, sort_order=excluded.sort_order, updated_at=strftime('%Y-%m-%dT%H:%M:%fZ', 'now');
INSERT INTO product_variants (id, product_id, label, price_cents, promotional_price_cents, is_active, sort_order) VALUES ('seed-variant-092', 'seed-product-089', 'Média', 5900, NULL, 1, 0) ON CONFLICT(id) DO UPDATE SET product_id=excluded.product_id, label=excluded.label, price_cents=excluded.price_cents, promotional_price_cents=excluded.promotional_price_cents, is_active=1, sort_order=excluded.sort_order;
INSERT INTO product_variants (id, product_id, label, price_cents, promotional_price_cents, is_active, sort_order) VALUES ('seed-variant-093', 'seed-product-089', 'Grande', 7700, NULL, 1, 1) ON CONFLICT(id) DO UPDATE SET product_id=excluded.product_id, label=excluded.label, price_cents=excluded.price_cents, promotional_price_cents=excluded.promotional_price_cents, is_active=1, sort_order=excluded.sort_order;
INSERT INTO products (id, category_id, name, ingredients, image_key, is_available, is_featured, sort_order) VALUES ('seed-product-090', 'seed-category-06', 'FRITAS COM BACON', NULL, NULL, 1, 0, 4) ON CONFLICT(id) DO UPDATE SET category_id=excluded.category_id, name=excluded.name, ingredients=excluded.ingredients, image_key=NULL, is_available=excluded.is_available, is_featured=excluded.is_featured, sort_order=excluded.sort_order, updated_at=strftime('%Y-%m-%dT%H:%M:%fZ', 'now');
INSERT INTO product_variants (id, product_id, label, price_cents, promotional_price_cents, is_active, sort_order) VALUES ('seed-variant-094', 'seed-product-090', 'Média', 6200, NULL, 1, 0) ON CONFLICT(id) DO UPDATE SET product_id=excluded.product_id, label=excluded.label, price_cents=excluded.price_cents, promotional_price_cents=excluded.promotional_price_cents, is_active=1, sort_order=excluded.sort_order;
INSERT INTO product_variants (id, product_id, label, price_cents, promotional_price_cents, is_active, sort_order) VALUES ('seed-variant-095', 'seed-product-090', 'Grande', 7400, NULL, 1, 1) ON CONFLICT(id) DO UPDATE SET product_id=excluded.product_id, label=excluded.label, price_cents=excluded.price_cents, promotional_price_cents=excluded.promotional_price_cents, is_active=1, sort_order=excluded.sort_order;
INSERT INTO products (id, category_id, name, ingredients, image_key, is_available, is_featured, sort_order) VALUES ('seed-product-091', 'seed-category-06', 'FRITAS COM CHEDDAR', NULL, NULL, 1, 0, 5) ON CONFLICT(id) DO UPDATE SET category_id=excluded.category_id, name=excluded.name, ingredients=excluded.ingredients, image_key=NULL, is_available=excluded.is_available, is_featured=excluded.is_featured, sort_order=excluded.sort_order, updated_at=strftime('%Y-%m-%dT%H:%M:%fZ', 'now');
INSERT INTO product_variants (id, product_id, label, price_cents, promotional_price_cents, is_active, sort_order) VALUES ('seed-variant-096', 'seed-product-091', 'Média', 6400, NULL, 1, 0) ON CONFLICT(id) DO UPDATE SET product_id=excluded.product_id, label=excluded.label, price_cents=excluded.price_cents, promotional_price_cents=excluded.promotional_price_cents, is_active=1, sort_order=excluded.sort_order;
INSERT INTO product_variants (id, product_id, label, price_cents, promotional_price_cents, is_active, sort_order) VALUES ('seed-variant-097', 'seed-product-091', 'Grande', 7500, NULL, 1, 1) ON CONFLICT(id) DO UPDATE SET product_id=excluded.product_id, label=excluded.label, price_cents=excluded.price_cents, promotional_price_cents=excluded.promotional_price_cents, is_active=1, sort_order=excluded.sort_order;
INSERT INTO products (id, category_id, name, ingredients, image_key, is_available, is_featured, sort_order) VALUES ('seed-product-092', 'seed-category-06', 'FRITAS COM CORAÇÃO', NULL, NULL, 1, 0, 6) ON CONFLICT(id) DO UPDATE SET category_id=excluded.category_id, name=excluded.name, ingredients=excluded.ingredients, image_key=NULL, is_available=excluded.is_available, is_featured=excluded.is_featured, sort_order=excluded.sort_order, updated_at=strftime('%Y-%m-%dT%H:%M:%fZ', 'now');
INSERT INTO product_variants (id, product_id, label, price_cents, promotional_price_cents, is_active, sort_order) VALUES ('seed-variant-098', 'seed-product-092', 'Média', 6500, NULL, 1, 0) ON CONFLICT(id) DO UPDATE SET product_id=excluded.product_id, label=excluded.label, price_cents=excluded.price_cents, promotional_price_cents=excluded.promotional_price_cents, is_active=1, sort_order=excluded.sort_order;
INSERT INTO product_variants (id, product_id, label, price_cents, promotional_price_cents, is_active, sort_order) VALUES ('seed-variant-099', 'seed-product-092', 'Grande', 7700, NULL, 1, 1) ON CONFLICT(id) DO UPDATE SET product_id=excluded.product_id, label=excluded.label, price_cents=excluded.price_cents, promotional_price_cents=excluded.promotional_price_cents, is_active=1, sort_order=excluded.sort_order;
INSERT INTO products (id, category_id, name, ingredients, image_key, is_available, is_featured, sort_order) VALUES ('seed-product-093', 'seed-category-06', 'FRITAS COM ALCATRA', NULL, NULL, 1, 0, 7) ON CONFLICT(id) DO UPDATE SET category_id=excluded.category_id, name=excluded.name, ingredients=excluded.ingredients, image_key=NULL, is_available=excluded.is_available, is_featured=excluded.is_featured, sort_order=excluded.sort_order, updated_at=strftime('%Y-%m-%dT%H:%M:%fZ', 'now');
INSERT INTO product_variants (id, product_id, label, price_cents, promotional_price_cents, is_active, sort_order) VALUES ('seed-variant-100', 'seed-product-093', 'Média', 7200, NULL, 1, 0) ON CONFLICT(id) DO UPDATE SET product_id=excluded.product_id, label=excluded.label, price_cents=excluded.price_cents, promotional_price_cents=excluded.promotional_price_cents, is_active=1, sort_order=excluded.sort_order;
INSERT INTO product_variants (id, product_id, label, price_cents, promotional_price_cents, is_active, sort_order) VALUES ('seed-variant-101', 'seed-product-093', 'Grande', 8700, NULL, 1, 1) ON CONFLICT(id) DO UPDATE SET product_id=excluded.product_id, label=excluded.label, price_cents=excluded.price_cents, promotional_price_cents=excluded.promotional_price_cents, is_active=1, sort_order=excluded.sort_order;
INSERT INTO products (id, category_id, name, ingredients, image_key, is_available, is_featured, sort_order) VALUES ('seed-product-094', 'seed-category-06', 'FRITAS COM CHEDDAR E BACON', NULL, NULL, 1, 0, 8) ON CONFLICT(id) DO UPDATE SET category_id=excluded.category_id, name=excluded.name, ingredients=excluded.ingredients, image_key=NULL, is_available=excluded.is_available, is_featured=excluded.is_featured, sort_order=excluded.sort_order, updated_at=strftime('%Y-%m-%dT%H:%M:%fZ', 'now');
INSERT INTO product_variants (id, product_id, label, price_cents, promotional_price_cents, is_active, sort_order) VALUES ('seed-variant-102', 'seed-product-094', 'Média', 7200, NULL, 1, 0) ON CONFLICT(id) DO UPDATE SET product_id=excluded.product_id, label=excluded.label, price_cents=excluded.price_cents, promotional_price_cents=excluded.promotional_price_cents, is_active=1, sort_order=excluded.sort_order;
INSERT INTO product_variants (id, product_id, label, price_cents, promotional_price_cents, is_active, sort_order) VALUES ('seed-variant-103', 'seed-product-094', 'Grande', 8700, NULL, 1, 1) ON CONFLICT(id) DO UPDATE SET product_id=excluded.product_id, label=excluded.label, price_cents=excluded.price_cents, promotional_price_cents=excluded.promotional_price_cents, is_active=1, sort_order=excluded.sort_order;
INSERT INTO products (id, category_id, name, ingredients, image_key, is_available, is_featured, sort_order) VALUES ('seed-product-095', 'seed-category-06', 'FRITAS COMPLETA', 'Coração, frango, calabresa, alcatra e bacon.', NULL, 1, 1, 9) ON CONFLICT(id) DO UPDATE SET category_id=excluded.category_id, name=excluded.name, ingredients=excluded.ingredients, image_key=NULL, is_available=excluded.is_available, is_featured=excluded.is_featured, sort_order=excluded.sort_order, updated_at=strftime('%Y-%m-%dT%H:%M:%fZ', 'now');
INSERT INTO product_variants (id, product_id, label, price_cents, promotional_price_cents, is_active, sort_order) VALUES ('seed-variant-104', 'seed-product-095', 'Média', 9500, NULL, 1, 0) ON CONFLICT(id) DO UPDATE SET product_id=excluded.product_id, label=excluded.label, price_cents=excluded.price_cents, promotional_price_cents=excluded.promotional_price_cents, is_active=1, sort_order=excluded.sort_order;
INSERT INTO product_variants (id, product_id, label, price_cents, promotional_price_cents, is_active, sort_order) VALUES ('seed-variant-105', 'seed-product-095', 'Grande', 14900, NULL, 1, 1) ON CONFLICT(id) DO UPDATE SET product_id=excluded.product_id, label=excluded.label, price_cents=excluded.price_cents, promotional_price_cents=excluded.promotional_price_cents, is_active=1, sort_order=excluded.sort_order;
INSERT INTO products (id, category_id, name, ingredients, image_key, is_available, is_featured, sort_order) VALUES ('seed-product-096', 'seed-category-06', 'FRITAS KIDS', NULL, NULL, 1, 0, 10) ON CONFLICT(id) DO UPDATE SET category_id=excluded.category_id, name=excluded.name, ingredients=excluded.ingredients, image_key=NULL, is_available=excluded.is_available, is_featured=excluded.is_featured, sort_order=excluded.sort_order, updated_at=strftime('%Y-%m-%dT%H:%M:%fZ', 'now');
INSERT INTO product_variants (id, product_id, label, price_cents, promotional_price_cents, is_active, sort_order) VALUES ('seed-variant-106', 'seed-product-096', NULL, 2000, NULL, 1, 0) ON CONFLICT(id) DO UPDATE SET product_id=excluded.product_id, label=excluded.label, price_cents=excluded.price_cents, promotional_price_cents=excluded.promotional_price_cents, is_active=1, sort_order=excluded.sort_order;
INSERT INTO categories (id, name, slug, is_active, sort_order) VALUES ('seed-category-07', 'Torre de Batata', 'torre-de-batata', 1, 6) ON CONFLICT(id) DO UPDATE SET name=excluded.name, slug=excluded.slug, is_active=1, sort_order=excluded.sort_order, updated_at=strftime('%Y-%m-%dT%H:%M:%fZ', 'now');
INSERT INTO products (id, category_id, name, ingredients, image_key, is_available, is_featured, sort_order) VALUES ('seed-product-097', 'seed-category-07', 'QUEIJO, FRANGO, CHEDDAR E CATUPIRY', NULL, NULL, 1, 0, 0) ON CONFLICT(id) DO UPDATE SET category_id=excluded.category_id, name=excluded.name, ingredients=excluded.ingredients, image_key=NULL, is_available=excluded.is_available, is_featured=excluded.is_featured, sort_order=excluded.sort_order, updated_at=strftime('%Y-%m-%dT%H:%M:%fZ', 'now');
INSERT INTO product_variants (id, product_id, label, price_cents, promotional_price_cents, is_active, sort_order) VALUES ('seed-variant-107', 'seed-product-097', 'Média', 8500, NULL, 1, 0) ON CONFLICT(id) DO UPDATE SET product_id=excluded.product_id, label=excluded.label, price_cents=excluded.price_cents, promotional_price_cents=excluded.promotional_price_cents, is_active=1, sort_order=excluded.sort_order;
INSERT INTO product_variants (id, product_id, label, price_cents, promotional_price_cents, is_active, sort_order) VALUES ('seed-variant-108', 'seed-product-097', 'Grande', 11000, NULL, 1, 1) ON CONFLICT(id) DO UPDATE SET product_id=excluded.product_id, label=excluded.label, price_cents=excluded.price_cents, promotional_price_cents=excluded.promotional_price_cents, is_active=1, sort_order=excluded.sort_order;
INSERT INTO products (id, category_id, name, ingredients, image_key, is_available, is_featured, sort_order) VALUES ('seed-product-098', 'seed-category-07', 'QUEIJO, BACON, CHEDDAR E CATUPIRY', NULL, NULL, 1, 0, 1) ON CONFLICT(id) DO UPDATE SET category_id=excluded.category_id, name=excluded.name, ingredients=excluded.ingredients, image_key=NULL, is_available=excluded.is_available, is_featured=excluded.is_featured, sort_order=excluded.sort_order, updated_at=strftime('%Y-%m-%dT%H:%M:%fZ', 'now');
INSERT INTO product_variants (id, product_id, label, price_cents, promotional_price_cents, is_active, sort_order) VALUES ('seed-variant-109', 'seed-product-098', 'Média', 8900, NULL, 1, 0) ON CONFLICT(id) DO UPDATE SET product_id=excluded.product_id, label=excluded.label, price_cents=excluded.price_cents, promotional_price_cents=excluded.promotional_price_cents, is_active=1, sort_order=excluded.sort_order;
INSERT INTO product_variants (id, product_id, label, price_cents, promotional_price_cents, is_active, sort_order) VALUES ('seed-variant-110', 'seed-product-098', 'Grande', 9900, NULL, 1, 1) ON CONFLICT(id) DO UPDATE SET product_id=excluded.product_id, label=excluded.label, price_cents=excluded.price_cents, promotional_price_cents=excluded.promotional_price_cents, is_active=1, sort_order=excluded.sort_order;
INSERT INTO products (id, category_id, name, ingredients, image_key, is_available, is_featured, sort_order) VALUES ('seed-product-099', 'seed-category-07', 'QUEIJO, BACON, CALABRESA, CHEDDAR E CATUPIRY', NULL, NULL, 1, 0, 2) ON CONFLICT(id) DO UPDATE SET category_id=excluded.category_id, name=excluded.name, ingredients=excluded.ingredients, image_key=NULL, is_available=excluded.is_available, is_featured=excluded.is_featured, sort_order=excluded.sort_order, updated_at=strftime('%Y-%m-%dT%H:%M:%fZ', 'now');
INSERT INTO product_variants (id, product_id, label, price_cents, promotional_price_cents, is_active, sort_order) VALUES ('seed-variant-111', 'seed-product-099', 'Média', 9800, NULL, 1, 0) ON CONFLICT(id) DO UPDATE SET product_id=excluded.product_id, label=excluded.label, price_cents=excluded.price_cents, promotional_price_cents=excluded.promotional_price_cents, is_active=1, sort_order=excluded.sort_order;
INSERT INTO product_variants (id, product_id, label, price_cents, promotional_price_cents, is_active, sort_order) VALUES ('seed-variant-112', 'seed-product-099', 'Grande', 12500, NULL, 1, 1) ON CONFLICT(id) DO UPDATE SET product_id=excluded.product_id, label=excluded.label, price_cents=excluded.price_cents, promotional_price_cents=excluded.promotional_price_cents, is_active=1, sort_order=excluded.sort_order;
INSERT INTO products (id, category_id, name, ingredients, image_key, is_available, is_featured, sort_order) VALUES ('seed-product-100', 'seed-category-07', 'QUEIJO, BACON, ALCATRA, CHEDDAR E CATUPIRY', NULL, NULL, 1, 0, 3) ON CONFLICT(id) DO UPDATE SET category_id=excluded.category_id, name=excluded.name, ingredients=excluded.ingredients, image_key=NULL, is_available=excluded.is_available, is_featured=excluded.is_featured, sort_order=excluded.sort_order, updated_at=strftime('%Y-%m-%dT%H:%M:%fZ', 'now');
INSERT INTO product_variants (id, product_id, label, price_cents, promotional_price_cents, is_active, sort_order) VALUES ('seed-variant-113', 'seed-product-100', 'Média', 10000, NULL, 1, 0) ON CONFLICT(id) DO UPDATE SET product_id=excluded.product_id, label=excluded.label, price_cents=excluded.price_cents, promotional_price_cents=excluded.promotional_price_cents, is_active=1, sort_order=excluded.sort_order;
INSERT INTO product_variants (id, product_id, label, price_cents, promotional_price_cents, is_active, sort_order) VALUES ('seed-variant-114', 'seed-product-100', 'Grande', 14500, NULL, 1, 1) ON CONFLICT(id) DO UPDATE SET product_id=excluded.product_id, label=excluded.label, price_cents=excluded.price_cents, promotional_price_cents=excluded.promotional_price_cents, is_active=1, sort_order=excluded.sort_order;
INSERT INTO categories (id, name, slug, is_active, sort_order) VALUES ('seed-category-08', 'Hot Dogs Doces', 'hot-dogs-doces', 1, 7) ON CONFLICT(id) DO UPDATE SET name=excluded.name, slug=excluded.slug, is_active=1, sort_order=excluded.sort_order, updated_at=strftime('%Y-%m-%dT%H:%M:%fZ', 'now');
INSERT INTO products (id, category_id, name, ingredients, image_key, is_available, is_featured, sort_order) VALUES ('seed-product-101', 'seed-category-08', 'DOG CHOCO', 'Pão, queijo mussarela derretido e chocolate.', NULL, 1, 0, 0) ON CONFLICT(id) DO UPDATE SET category_id=excluded.category_id, name=excluded.name, ingredients=excluded.ingredients, image_key=NULL, is_available=excluded.is_available, is_featured=excluded.is_featured, sort_order=excluded.sort_order, updated_at=strftime('%Y-%m-%dT%H:%M:%fZ', 'now');
INSERT INTO product_variants (id, product_id, label, price_cents, promotional_price_cents, is_active, sort_order) VALUES ('seed-variant-115', 'seed-product-101', NULL, 1600, NULL, 1, 0) ON CONFLICT(id) DO UPDATE SET product_id=excluded.product_id, label=excluded.label, price_cents=excluded.price_cents, promotional_price_cents=excluded.promotional_price_cents, is_active=1, sort_order=excluded.sort_order;
INSERT INTO products (id, category_id, name, ingredients, image_key, is_available, is_featured, sort_order) VALUES ('seed-product-102', 'seed-category-08', 'DOG SENSAÇÃO', 'Pão, queijo mussarela derretido, chocolate e morango.', NULL, 1, 0, 1) ON CONFLICT(id) DO UPDATE SET category_id=excluded.category_id, name=excluded.name, ingredients=excluded.ingredients, image_key=NULL, is_available=excluded.is_available, is_featured=excluded.is_featured, sort_order=excluded.sort_order, updated_at=strftime('%Y-%m-%dT%H:%M:%fZ', 'now');
INSERT INTO product_variants (id, product_id, label, price_cents, promotional_price_cents, is_active, sort_order) VALUES ('seed-variant-116', 'seed-product-102', NULL, 1800, NULL, 1, 0) ON CONFLICT(id) DO UPDATE SET product_id=excluded.product_id, label=excluded.label, price_cents=excluded.price_cents, promotional_price_cents=excluded.promotional_price_cents, is_active=1, sort_order=excluded.sort_order;
INSERT INTO products (id, category_id, name, ingredients, image_key, is_available, is_featured, sort_order) VALUES ('seed-product-103', 'seed-category-08', 'DOG CHARGE', 'Pão, queijo mussarela derretido, chocolate e amendoim.', NULL, 1, 0, 2) ON CONFLICT(id) DO UPDATE SET category_id=excluded.category_id, name=excluded.name, ingredients=excluded.ingredients, image_key=NULL, is_available=excluded.is_available, is_featured=excluded.is_featured, sort_order=excluded.sort_order, updated_at=strftime('%Y-%m-%dT%H:%M:%fZ', 'now');
INSERT INTO product_variants (id, product_id, label, price_cents, promotional_price_cents, is_active, sort_order) VALUES ('seed-variant-117', 'seed-product-103', NULL, 1800, NULL, 1, 0) ON CONFLICT(id) DO UPDATE SET product_id=excluded.product_id, label=excluded.label, price_cents=excluded.price_cents, promotional_price_cents=excluded.promotional_price_cents, is_active=1, sort_order=excluded.sort_order;
INSERT INTO products (id, category_id, name, ingredients, image_key, is_available, is_featured, sort_order) VALUES ('seed-product-104', 'seed-category-08', 'DOG PRESTÍGIO', 'Pão, queijo mussarela derretido, chocolate e coco ralado.', NULL, 1, 0, 3) ON CONFLICT(id) DO UPDATE SET category_id=excluded.category_id, name=excluded.name, ingredients=excluded.ingredients, image_key=NULL, is_available=excluded.is_available, is_featured=excluded.is_featured, sort_order=excluded.sort_order, updated_at=strftime('%Y-%m-%dT%H:%M:%fZ', 'now');
INSERT INTO product_variants (id, product_id, label, price_cents, promotional_price_cents, is_active, sort_order) VALUES ('seed-variant-118', 'seed-product-104', NULL, 1800, NULL, 1, 0) ON CONFLICT(id) DO UPDATE SET product_id=excluded.product_id, label=excluded.label, price_cents=excluded.price_cents, promotional_price_cents=excluded.promotional_price_cents, is_active=1, sort_order=excluded.sort_order;
INSERT INTO products (id, category_id, name, ingredients, image_key, is_available, is_featured, sort_order) VALUES ('seed-product-105', 'seed-category-08', 'DOG LOVE', 'Pão, queijo mussarela derretido, chocolate, morango, amendoim e coco ralado.', NULL, 1, 1, 4) ON CONFLICT(id) DO UPDATE SET category_id=excluded.category_id, name=excluded.name, ingredients=excluded.ingredients, image_key=NULL, is_available=excluded.is_available, is_featured=excluded.is_featured, sort_order=excluded.sort_order, updated_at=strftime('%Y-%m-%dT%H:%M:%fZ', 'now');
INSERT INTO product_variants (id, product_id, label, price_cents, promotional_price_cents, is_active, sort_order) VALUES ('seed-variant-119', 'seed-product-105', NULL, 2300, NULL, 1, 0) ON CONFLICT(id) DO UPDATE SET product_id=excluded.product_id, label=excluded.label, price_cents=excluded.price_cents, promotional_price_cents=excluded.promotional_price_cents, is_active=1, sort_order=excluded.sort_order;
INSERT INTO categories (id, name, slug, is_active, sort_order) VALUES ('seed-category-09', 'Sobremesas', 'sobremesas', 1, 8) ON CONFLICT(id) DO UPDATE SET name=excluded.name, slug=excluded.slug, is_active=1, sort_order=excluded.sort_order, updated_at=strftime('%Y-%m-%dT%H:%M:%fZ', 'now');
INSERT INTO products (id, category_id, name, ingredients, image_key, is_available, is_featured, sort_order) VALUES ('seed-product-106', 'seed-category-09', 'TAÇA DE SORVETE', NULL, NULL, 1, 0, 0) ON CONFLICT(id) DO UPDATE SET category_id=excluded.category_id, name=excluded.name, ingredients=excluded.ingredients, image_key=NULL, is_available=excluded.is_available, is_featured=excluded.is_featured, sort_order=excluded.sort_order, updated_at=strftime('%Y-%m-%dT%H:%M:%fZ', 'now');
INSERT INTO product_variants (id, product_id, label, price_cents, promotional_price_cents, is_active, sort_order) VALUES ('seed-variant-120', 'seed-product-106', NULL, 1600, NULL, 1, 0) ON CONFLICT(id) DO UPDATE SET product_id=excluded.product_id, label=excluded.label, price_cents=excluded.price_cents, promotional_price_cents=excluded.promotional_price_cents, is_active=1, sort_order=excluded.sort_order;
INSERT INTO products (id, category_id, name, ingredients, image_key, is_available, is_featured, sort_order) VALUES ('seed-product-107', 'seed-category-09', 'PETIT GATEAU', NULL, NULL, 1, 0, 1) ON CONFLICT(id) DO UPDATE SET category_id=excluded.category_id, name=excluded.name, ingredients=excluded.ingredients, image_key=NULL, is_available=excluded.is_available, is_featured=excluded.is_featured, sort_order=excluded.sort_order, updated_at=strftime('%Y-%m-%dT%H:%M:%fZ', 'now');
INSERT INTO product_variants (id, product_id, label, price_cents, promotional_price_cents, is_active, sort_order) VALUES ('seed-variant-121', 'seed-product-107', NULL, 1800, NULL, 1, 0) ON CONFLICT(id) DO UPDATE SET product_id=excluded.product_id, label=excluded.label, price_cents=excluded.price_cents, promotional_price_cents=excluded.promotional_price_cents, is_active=1, sort_order=excluded.sort_order;
INSERT INTO categories (id, name, slug, is_active, sort_order) VALUES ('seed-category-10', 'Drinks', 'drinks', 1, 9) ON CONFLICT(id) DO UPDATE SET name=excluded.name, slug=excluded.slug, is_active=1, sort_order=excluded.sort_order, updated_at=strftime('%Y-%m-%dT%H:%M:%fZ', 'now');
INSERT INTO products (id, category_id, name, ingredients, image_key, is_available, is_featured, sort_order) VALUES ('seed-product-108', 'seed-category-10', 'DOSE', 'Steinhager ou Smirnoff.', NULL, 1, 0, 0) ON CONFLICT(id) DO UPDATE SET category_id=excluded.category_id, name=excluded.name, ingredients=excluded.ingredients, image_key=NULL, is_available=excluded.is_available, is_featured=excluded.is_featured, sort_order=excluded.sort_order, updated_at=strftime('%Y-%m-%dT%H:%M:%fZ', 'now');
INSERT INTO product_variants (id, product_id, label, price_cents, promotional_price_cents, is_active, sort_order) VALUES ('seed-variant-122', 'seed-product-108', NULL, 1200, NULL, 1, 0) ON CONFLICT(id) DO UPDATE SET product_id=excluded.product_id, label=excluded.label, price_cents=excluded.price_cents, promotional_price_cents=excluded.promotional_price_cents, is_active=1, sort_order=excluded.sort_order;
INSERT INTO products (id, category_id, name, ingredients, image_key, is_available, is_featured, sort_order) VALUES ('seed-product-109', 'seed-category-10', 'ICE', NULL, NULL, 1, 0, 1) ON CONFLICT(id) DO UPDATE SET category_id=excluded.category_id, name=excluded.name, ingredients=excluded.ingredients, image_key=NULL, is_available=excluded.is_available, is_featured=excluded.is_featured, sort_order=excluded.sort_order, updated_at=strftime('%Y-%m-%dT%H:%M:%fZ', 'now');
INSERT INTO product_variants (id, product_id, label, price_cents, promotional_price_cents, is_active, sort_order) VALUES ('seed-variant-123', 'seed-product-109', NULL, 1500, NULL, 1, 0) ON CONFLICT(id) DO UPDATE SET product_id=excluded.product_id, label=excluded.label, price_cents=excluded.price_cents, promotional_price_cents=excluded.promotional_price_cents, is_active=1, sort_order=excluded.sort_order;
INSERT INTO products (id, category_id, name, ingredients, image_key, is_available, is_featured, sort_order) VALUES ('seed-product-110', 'seed-category-10', 'REDBULL', NULL, NULL, 1, 0, 2) ON CONFLICT(id) DO UPDATE SET category_id=excluded.category_id, name=excluded.name, ingredients=excluded.ingredients, image_key=NULL, is_available=excluded.is_available, is_featured=excluded.is_featured, sort_order=excluded.sort_order, updated_at=strftime('%Y-%m-%dT%H:%M:%fZ', 'now');
INSERT INTO product_variants (id, product_id, label, price_cents, promotional_price_cents, is_active, sort_order) VALUES ('seed-variant-124', 'seed-product-110', NULL, 1600, NULL, 1, 0) ON CONFLICT(id) DO UPDATE SET product_id=excluded.product_id, label=excluded.label, price_cents=excluded.price_cents, promotional_price_cents=excluded.promotional_price_cents, is_active=1, sort_order=excluded.sort_order;
INSERT INTO products (id, category_id, name, ingredients, image_key, is_available, is_featured, sort_order) VALUES ('seed-product-111', 'seed-category-10', 'CUBA', 'Steinhager ou Smirnoff.', NULL, 1, 0, 3) ON CONFLICT(id) DO UPDATE SET category_id=excluded.category_id, name=excluded.name, ingredients=excluded.ingredients, image_key=NULL, is_available=excluded.is_available, is_featured=excluded.is_featured, sort_order=excluded.sort_order, updated_at=strftime('%Y-%m-%dT%H:%M:%fZ', 'now');
INSERT INTO product_variants (id, product_id, label, price_cents, promotional_price_cents, is_active, sort_order) VALUES ('seed-variant-125', 'seed-product-111', NULL, 1800, NULL, 1, 0) ON CONFLICT(id) DO UPDATE SET product_id=excluded.product_id, label=excluded.label, price_cents=excluded.price_cents, promotional_price_cents=excluded.promotional_price_cents, is_active=1, sort_order=excluded.sort_order;
INSERT INTO products (id, category_id, name, ingredients, image_key, is_available, is_featured, sort_order) VALUES ('seed-product-112', 'seed-category-10', 'CAIPIRA', 'Steinhager ou Smirnoff.', NULL, 1, 0, 4) ON CONFLICT(id) DO UPDATE SET category_id=excluded.category_id, name=excluded.name, ingredients=excluded.ingredients, image_key=NULL, is_available=excluded.is_available, is_featured=excluded.is_featured, sort_order=excluded.sort_order, updated_at=strftime('%Y-%m-%dT%H:%M:%fZ', 'now');
INSERT INTO product_variants (id, product_id, label, price_cents, promotional_price_cents, is_active, sort_order) VALUES ('seed-variant-126', 'seed-product-112', NULL, 2000, NULL, 1, 0) ON CONFLICT(id) DO UPDATE SET product_id=excluded.product_id, label=excluded.label, price_cents=excluded.price_cents, promotional_price_cents=excluded.promotional_price_cents, is_active=1, sort_order=excluded.sort_order;
INSERT INTO categories (id, name, slug, is_active, sort_order) VALUES ('seed-category-11', 'Cervejas', 'cervejas', 1, 10) ON CONFLICT(id) DO UPDATE SET name=excluded.name, slug=excluded.slug, is_active=1, sort_order=excluded.sort_order, updated_at=strftime('%Y-%m-%dT%H:%M:%fZ', 'now');
INSERT INTO products (id, category_id, name, ingredients, image_key, is_available, is_featured, sort_order) VALUES ('seed-product-113', 'seed-category-11', 'ORIGINAL 600ML', NULL, NULL, 1, 0, 0) ON CONFLICT(id) DO UPDATE SET category_id=excluded.category_id, name=excluded.name, ingredients=excluded.ingredients, image_key=NULL, is_available=excluded.is_available, is_featured=excluded.is_featured, sort_order=excluded.sort_order, updated_at=strftime('%Y-%m-%dT%H:%M:%fZ', 'now');
INSERT INTO product_variants (id, product_id, label, price_cents, promotional_price_cents, is_active, sort_order) VALUES ('seed-variant-127', 'seed-product-113', NULL, 1700, NULL, 1, 0) ON CONFLICT(id) DO UPDATE SET product_id=excluded.product_id, label=excluded.label, price_cents=excluded.price_cents, promotional_price_cents=excluded.promotional_price_cents, is_active=1, sort_order=excluded.sort_order;
INSERT INTO products (id, category_id, name, ingredients, image_key, is_available, is_featured, sort_order) VALUES ('seed-product-114', 'seed-category-11', 'HEINEKEN 600ML', NULL, NULL, 1, 0, 1) ON CONFLICT(id) DO UPDATE SET category_id=excluded.category_id, name=excluded.name, ingredients=excluded.ingredients, image_key=NULL, is_available=excluded.is_available, is_featured=excluded.is_featured, sort_order=excluded.sort_order, updated_at=strftime('%Y-%m-%dT%H:%M:%fZ', 'now');
INSERT INTO product_variants (id, product_id, label, price_cents, promotional_price_cents, is_active, sort_order) VALUES ('seed-variant-128', 'seed-product-114', NULL, 2300, NULL, 1, 0) ON CONFLICT(id) DO UPDATE SET product_id=excluded.product_id, label=excluded.label, price_cents=excluded.price_cents, promotional_price_cents=excluded.promotional_price_cents, is_active=1, sort_order=excluded.sort_order;
INSERT INTO categories (id, name, slug, is_active, sort_order) VALUES ('seed-category-12', 'Bebidas', 'bebidas', 1, 11) ON CONFLICT(id) DO UPDATE SET name=excluded.name, slug=excluded.slug, is_active=1, sort_order=excluded.sort_order, updated_at=strftime('%Y-%m-%dT%H:%M:%fZ', 'now');
INSERT INTO products (id, category_id, name, ingredients, image_key, is_available, is_featured, sort_order) VALUES ('seed-product-115', 'seed-category-12', 'ÁGUA MINERAL', NULL, NULL, 1, 0, 0) ON CONFLICT(id) DO UPDATE SET category_id=excluded.category_id, name=excluded.name, ingredients=excluded.ingredients, image_key=NULL, is_available=excluded.is_available, is_featured=excluded.is_featured, sort_order=excluded.sort_order, updated_at=strftime('%Y-%m-%dT%H:%M:%fZ', 'now');
INSERT INTO product_variants (id, product_id, label, price_cents, promotional_price_cents, is_active, sort_order) VALUES ('seed-variant-129', 'seed-product-115', NULL, 500, NULL, 1, 0) ON CONFLICT(id) DO UPDATE SET product_id=excluded.product_id, label=excluded.label, price_cents=excluded.price_cents, promotional_price_cents=excluded.promotional_price_cents, is_active=1, sort_order=excluded.sort_order;
INSERT INTO products (id, category_id, name, ingredients, image_key, is_available, is_featured, sort_order) VALUES ('seed-product-116', 'seed-category-12', 'REFRIGERANTE LATA', NULL, NULL, 1, 0, 1) ON CONFLICT(id) DO UPDATE SET category_id=excluded.category_id, name=excluded.name, ingredients=excluded.ingredients, image_key=NULL, is_available=excluded.is_available, is_featured=excluded.is_featured, sort_order=excluded.sort_order, updated_at=strftime('%Y-%m-%dT%H:%M:%fZ', 'now');
INSERT INTO product_variants (id, product_id, label, price_cents, promotional_price_cents, is_active, sort_order) VALUES ('seed-variant-130', 'seed-product-116', NULL, 800, NULL, 1, 0) ON CONFLICT(id) DO UPDATE SET product_id=excluded.product_id, label=excluded.label, price_cents=excluded.price_cents, promotional_price_cents=excluded.promotional_price_cents, is_active=1, sort_order=excluded.sort_order;
INSERT INTO products (id, category_id, name, ingredients, image_key, is_available, is_featured, sort_order) VALUES ('seed-product-117', 'seed-category-12', 'SUCO POLPA', NULL, NULL, 1, 0, 2) ON CONFLICT(id) DO UPDATE SET category_id=excluded.category_id, name=excluded.name, ingredients=excluded.ingredients, image_key=NULL, is_available=excluded.is_available, is_featured=excluded.is_featured, sort_order=excluded.sort_order, updated_at=strftime('%Y-%m-%dT%H:%M:%fZ', 'now');
INSERT INTO product_variants (id, product_id, label, price_cents, promotional_price_cents, is_active, sort_order) VALUES ('seed-variant-131', 'seed-product-117', NULL, 1000, NULL, 1, 0) ON CONFLICT(id) DO UPDATE SET product_id=excluded.product_id, label=excluded.label, price_cents=excluded.price_cents, promotional_price_cents=excluded.promotional_price_cents, is_active=1, sort_order=excluded.sort_order;
INSERT INTO products (id, category_id, name, ingredients, image_key, is_available, is_featured, sort_order) VALUES ('seed-product-118', 'seed-category-12', 'REFRIGERANTE 600ML', NULL, NULL, 1, 0, 3) ON CONFLICT(id) DO UPDATE SET category_id=excluded.category_id, name=excluded.name, ingredients=excluded.ingredients, image_key=NULL, is_available=excluded.is_available, is_featured=excluded.is_featured, sort_order=excluded.sort_order, updated_at=strftime('%Y-%m-%dT%H:%M:%fZ', 'now');
INSERT INTO product_variants (id, product_id, label, price_cents, promotional_price_cents, is_active, sort_order) VALUES ('seed-variant-132', 'seed-product-118', NULL, 1200, NULL, 1, 0) ON CONFLICT(id) DO UPDATE SET product_id=excluded.product_id, label=excluded.label, price_cents=excluded.price_cents, promotional_price_cents=excluded.promotional_price_cents, is_active=1, sort_order=excluded.sort_order;
INSERT INTO products (id, category_id, name, ingredients, image_key, is_available, is_featured, sort_order) VALUES ('seed-product-119', 'seed-category-12', 'CERVEJA LONG NECK', NULL, NULL, 1, 0, 4) ON CONFLICT(id) DO UPDATE SET category_id=excluded.category_id, name=excluded.name, ingredients=excluded.ingredients, image_key=NULL, is_available=excluded.is_available, is_featured=excluded.is_featured, sort_order=excluded.sort_order, updated_at=strftime('%Y-%m-%dT%H:%M:%fZ', 'now');
INSERT INTO product_variants (id, product_id, label, price_cents, promotional_price_cents, is_active, sort_order) VALUES ('seed-variant-133', 'seed-product-119', NULL, 1500, NULL, 1, 0) ON CONFLICT(id) DO UPDATE SET product_id=excluded.product_id, label=excluded.label, price_cents=excluded.price_cents, promotional_price_cents=excluded.promotional_price_cents, is_active=1, sort_order=excluded.sort_order;
INSERT INTO products (id, category_id, name, ingredients, image_key, is_available, is_featured, sort_order) VALUES ('seed-product-120', 'seed-category-12', 'REFRIGERANTE 1 LITRO', NULL, NULL, 1, 0, 5) ON CONFLICT(id) DO UPDATE SET category_id=excluded.category_id, name=excluded.name, ingredients=excluded.ingredients, image_key=NULL, is_available=excluded.is_available, is_featured=excluded.is_featured, sort_order=excluded.sort_order, updated_at=strftime('%Y-%m-%dT%H:%M:%fZ', 'now');
INSERT INTO product_variants (id, product_id, label, price_cents, promotional_price_cents, is_active, sort_order) VALUES ('seed-variant-134', 'seed-product-120', NULL, 1600, NULL, 1, 0) ON CONFLICT(id) DO UPDATE SET product_id=excluded.product_id, label=excluded.label, price_cents=excluded.price_cents, promotional_price_cents=excluded.promotional_price_cents, is_active=1, sort_order=excluded.sort_order;
INSERT INTO products (id, category_id, name, ingredients, image_key, is_available, is_featured, sort_order) VALUES ('seed-product-121', 'seed-category-12', 'CERVEJA LONG NECK (STELLA ARTOIS, HEINEKEN)', NULL, NULL, 1, 0, 6) ON CONFLICT(id) DO UPDATE SET category_id=excluded.category_id, name=excluded.name, ingredients=excluded.ingredients, image_key=NULL, is_available=excluded.is_available, is_featured=excluded.is_featured, sort_order=excluded.sort_order, updated_at=strftime('%Y-%m-%dT%H:%M:%fZ', 'now');
INSERT INTO product_variants (id, product_id, label, price_cents, promotional_price_cents, is_active, sort_order) VALUES ('seed-variant-135', 'seed-product-121', NULL, 1700, NULL, 1, 0) ON CONFLICT(id) DO UPDATE SET product_id=excluded.product_id, label=excluded.label, price_cents=excluded.price_cents, promotional_price_cents=excluded.promotional_price_cents, is_active=1, sort_order=excluded.sort_order;
INSERT INTO products (id, category_id, name, ingredients, image_key, is_available, is_featured, sort_order) VALUES ('seed-product-122', 'seed-category-12', 'REFRIGERANTE 2 LITROS', NULL, NULL, 1, 0, 7) ON CONFLICT(id) DO UPDATE SET category_id=excluded.category_id, name=excluded.name, ingredients=excluded.ingredients, image_key=NULL, is_available=excluded.is_available, is_featured=excluded.is_featured, sort_order=excluded.sort_order, updated_at=strftime('%Y-%m-%dT%H:%M:%fZ', 'now');
INSERT INTO product_variants (id, product_id, label, price_cents, promotional_price_cents, is_active, sort_order) VALUES ('seed-variant-136', 'seed-product-122', NULL, 2000, NULL, 1, 0) ON CONFLICT(id) DO UPDATE SET product_id=excluded.product_id, label=excluded.label, price_cents=excluded.price_cents, promotional_price_cents=excluded.promotional_price_cents, is_active=1, sort_order=excluded.sort_order;
